eventtype,tick,timestamp_us,taskid,queue_handle,block_time,new_tick,name
traceQUEUE_SEND,2017,2044591,3ffbd2a0,3ffbd6cc,,,trace_lg
traceQUEUE_SEND,2017,2044644,3ffbd2a0,3ffbd6cc,,,trace_lg
traceQUEUE_SEND,2017,2044652,3ffbd2a0,3ffb68d4,,,trace_lg
traceQUEUE_SEND,2017,2044808,3ffbd2a0,3ffbd6cc,,,trace_lg
traceQUEUE_SEND,2017,2044815,3ffbd2a0,3ffb68d4,,,trace_lg
traceTASK_INCREMENT_TICK,2017,2045546,,,,2018,-
traceTASK_INCREMENT_TICK,2018,2046546,,,,2019,-
traceQUEUE_SEND,2019,2046804,3ffbd2a0,3ffbd6cc,,,trace_lg
traceQUEUE_SEND,2019,2046811,3ffbd2a0,3ffb68d4,,,trace_lg
traceTASK_INCREMENT_TICK,2019,2047546,,,,2020,-
traceTASK_INCREMENT_TICK,2020,2048546,,,,2021,-
traceTASK_INCREMENT_TICK,2021,2049546,,,,2022,-
traceTASK_INCREMENT_TICK,2022,2050546,,,,2023,-
traceQUEUE_SEND,2023,2051318,3ffbd2a0,3ffbd6cc,,,trace_lg
traceQUEUE_SEND,2023,2051325,3ffbd2a0,3ffb68d4,,,trace_lg
traceTASK_INCREMENT_TICK,2023,2051546,,,,2024,-
traceTASK_INCREMENT_TICK,2024,2052546,,,,2025,-
traceTASK_INCREMENT_TICK,2025,2053546,,,,2026,-
traceTASK_INCREMENT_TICK,2026,2054546,,,,2027,-
traceTASK_INCREMENT_TICK,2027,2055546,,,,2028,-
traceQUEUE_SEND,2028,2055832,3ffbd2a0,3ffbd6cc,,,trace_lg
traceQUEUE_SEND,2028,2055839,3ffbd2a0,3ffb68d4,,,trace_lg
traceTASK_INCREMENT_TICK,2028,2056546,,,,2029,-
traceTASK_INCREMENT_TICK,2029,2057546,,,,2030,-
traceTASK_INCREMENT_TICK,2030,2058546,,,,2031,-
traceTASK_INCREMENT_TICK,2031,2059546,,,,2032,-
traceQUEUE_SEND,2032,2060345,3ffbd2a0,3ffbd6cc,,,trace_lg
traceQUEUE_SEND,2032,2060353,3ffbd2a0,3ffb68d4,,,trace_lg
traceTASK_INCREMENT_TICK,2032,2060546,,,,2033,-
traceTASK_INCREMENT_TICK,2033,2061546,,,,2034,-
traceTASK_INCREMENT_TICK,2034,2062546,,,,2035,-
traceQUEUE_SEND,2035,2063036,3ffbd2a0,3ffbd6cc,,,trace_lg
traceQUEUE_SEND,2035,2063044,3ffbd2a0,3ffb68d4,,,trace_lg
traceTASK_INCREMENT_TICK,2035,2063546,,,,2036,-
traceTASK_INCREMENT_TICK,2036,2064546,,,,2037,-
traceTASK_INCREMENT_TICK,2037,2065546,,,,2038,-
traceQUEUE_SEND,2038,2065727,3ffbd2a0,3ffbd6cc,,,trace_lg
traceQUEUE_SEND,2038,2065735,3ffbd2a0,3ffb68d4,,,trace_lg
traceTASK_INCREMENT_TICK,2038,2066546,,,,2039,-
traceTASK_INCREMENT_TICK,2039,2067546,,,,2040,-
traceTASK_INCREMENT_TICK,2040,2068546,,,,2041,-
traceTASK_INCREMENT_TICK,2041,2069546,,,,2042,-
traceQUEUE_SEND,2042,2070241,3ffbd2a0,3ffbd6cc,,,trace_lg
traceQUEUE_SEND,2042,2070248,3ffbd2a0,3ffb68d4,,,trace_lg
traceTASK_INCREMENT_TICK,2042,2070546,,,,2043,-
traceTASK_INCREMENT_TICK,2043,2071546,,,,2044,-
traceTASK_INCREMENT_TICK,2044,2072546,,,,2045,-
traceTASK_INCREMENT_TICK,2045,2073546,,,,2046,-
traceTASK_INCREMENT_TICK,2046,2074546,,,,2047,-
traceQUEUE_SEND,2047,2074755,3ffbd2a0,3ffbd6cc,,,trace_lg
traceQUEUE_SEND,2047,2074762,3ffbd2a0,3ffb68d4,,,trace_lg
traceTASK_INCREMENT_TICK,2047,2075546,,,,2048,-
traceTASK_INCREMENT_TICK,2048,2076546,,,,2049,-
traceQUEUE_SEND,2049,2077446,3ffbd2a0,3ffbd6cc,,,trace_lg
traceQUEUE_SEND,2049,2077453,3ffbd2a0,3ffb68d4,,,trace_lg
traceTASK_INCREMENT_TICK,2049,2077546,,,,2050,-
traceTASK_INCREMENT_TICK,2050,2078546,,,,2051,-
traceTASK_INCREMENT_TICK,2051,2079546,,,,2052,-
traceQUEUE_SEND,2052,2080137,3ffbd2a0,3ffbd6cc,,,trace_lg
traceQUEUE_SEND,2052,2080144,3ffbd2a0,3ffb68d4,,,trace_lg
traceTASK_INCREMENT_TICK,2052,2080546,,,,2053,-
traceTASK_INCREMENT_TICK,2053,2081546,,,,2054,-
traceTASK_INCREMENT_TICK,2054,2082546,,,,2055,-
traceQUEUE_SEND,2055,2082828,3ffbd2a0,3ffbd6cc,,,trace_lg
traceQUEUE_SEND,2055,2082835,3ffbd2a0,3ffb68d4,,,trace_lg
traceTASK_INCREMENT_TICK,2055,2083546,,,,2056,-
traceTASK_INCREMENT_TICK,2056,2084546,,,,2057,-
traceQUEUE_SEND,2057,2085519,3ffbd2a0,3ffbd6cc,,,trace_lg
traceQUEUE_SEND,2057,2085526,3ffbd2a0,3ffb68d4,,,trace_lg
traceTASK_INCREMENT_TICK,2057,2085546,,,,2058,-
traceTASK_INCREMENT_TICK,2058,2086546,,,,2059,-
traceTASK_INCREMENT_TICK,2059,2087546,,,,2060,-
traceTASK_INCREMENT_TICK,2060,2088546,,,,2061,-
traceTASK_INCREMENT_TICK,2061,2089546,,,,2062,-
traceQUEUE_SEND,2062,2090033,3ffbd2a0,3ffbd6cc,,,trace_lg
traceQUEUE_SEND,2062,2090040,3ffbd2a0,3ffb68d4,,,trace_lg
traceTASK_INCREMENT_TICK,2062,2090546,,,,2063,-
traceTASK_INCREMENT_TICK,2063,2091546,,,,2064,-
traceTASK_INCREMENT_TICK,2064,2092546,,,,2065,-
traceTASK_INCREMENT_TICK,2065,2093546,,,,2066,-
traceTASK_INCREMENT_TICK,2066,2094546,,,,2067,-
traceQUEUE_SEND,2067,2094551,3ffbd2a0,3ffbd6cc,,,trace_lg
traceQUEUE_SEND,2067,2094559,3ffbd2a0,3ffb68d4,,,trace_lg
traceTASK_INCREMENT_TICK,2067,2095546,,,,2068,-
traceTASK_INCREMENT_TICK,2068,2096546,,,,2069,-
traceQUEUE_SEND,2069,2097237,3ffbd2a0,3ffbd6cc,,,trace_lg
traceQUEUE_SEND,2069,2097245,3ffbd2a0,3ffb68d4,,,trace_lg
traceTASK_INCREMENT_TICK,2069,2097546,,,,2070,-
traceTASK_INCREMENT_TICK,2070,2098546,,,,2071,-
traceTASK_INCREMENT_TICK,2071,2099546,,,,2072,-
traceQUEUE_SEND,2072,2099928,3ffbd2a0,3ffbd6cc,,,trace_lg
traceQUEUE_SEND,2072,2099936,3ffbd2a0,3ffb68d4,,,trace_lg
traceTASK_INCREMENT_TICK,2072,2100546,,,,2073,-
traceTASK_INCREMENT_TICK,2073,2101546,,,,2074,-
traceTASK_INCREMENT_TICK,2074,2102546,,,,2075,-
traceQUEUE_SEND,2075,2102620,3ffbd2a0,3ffbd6cc,,,trace_lg
traceQUEUE_SEND,2075,2102627,3ffbd2a0,3ffb68d4,,,trace_lg
traceTASK_INCREMENT_TICK,2075,2103546,,,,2076,-
traceTASK_INCREMENT_TICK,2076,2104546,,,,2077,-
traceQUEUE_SEND,2077,2105310,3ffbd2a0,3ffbd6cc,,,trace_lg
traceQUEUE_SEND,2077,2105318,3ffbd2a0,3ffb68d4,,,trace_lg
traceTASK_INCREMENT_TICK,2077,2105546,,,,2078,-
traceTASK_INCREMENT_TICK,2078,2106546,,,,2079,-
traceTASK_INCREMENT_TICK,2079,2107546,,,,2080,-
traceQUEUE_SEND,2080,2108001,3ffbd2a0,3ffbd6cc,,,trace_lg
traceQUEUE_SEND,2080,2108009,3ffbd2a0,3ffb68d4,,,trace_lg
traceQUEUE_SEND,2373,2401408,3ffbd2a0,3ffb68d4,,,trace_lg
traceTASK_INCREMENT_TICK,2373,2401546,,,,2374,-
traceTASK_INCREMENT_TICK,2374,2402546,,,,2375,-
traceTASK_INCREMENT_TICK,2375,2403546,,,,2376,-
traceTASK_INCREMENT_TICK,2376,2404546,,,,2377,-
traceTASK_INCREMENT_TICK,2377,2405546,,,,2378,-
traceQUEUE_SEND,2378,2405915,3ffbd2a0,3ffbd6cc,,,trace_lg
traceQUEUE_SEND,2378,2405922,3ffbd2a0,3ffb68d4,,,trace_lg
traceTASK_INCREMENT_TICK,2378,2406546,,,,2379,-
traceTASK_INCREMENT_TICK,2379,2407546,,,,2380,-
traceTASK_INCREMENT_TICK,2380,2408546,,,,2381,-
traceQUEUE_SEND,2381,2408606,3ffbd2a0,3ffbd6cc,,,trace_lg
traceQUEUE_SEND,2381,2408613,3ffbd2a0,3ffb68d4,,,trace_lg
traceTASK_INCREMENT_TICK,2381,2409546,,,,2382,-
traceTASK_INCREMENT_TICK,2382,2410546,,,,2383,-
traceQUEUE_SEND,2383,2411297,3ffbd2a0,3ffbd6cc,,,trace_lg
traceQUEUE_SEND,2383,2411304,3ffbd2a0,3ffb68d4,,,trace_lg
traceTASK_INCREMENT_TICK,2383,2411546,,,,2384,-
traceTASK_INCREMENT_TICK,2384,2412546,,,,2385,-
traceTASK_INCREMENT_TICK,2385,2413546,,,,2386,-
traceQUEUE_SEND,2386,2413988,3ffbd2a0,3ffbd6cc,,,trace_lg
traceQUEUE_SEND,2386,2413995,3ffbd2a0,3ffb68d4,,,trace_lg
traceTASK_INCREMENT_TICK,2386,2414546,,,,2387,-
traceTASK_INCREMENT_TICK,2387,2415546,,,,2388,-
traceTASK_INCREMENT_TICK,2388,2416546,,,,2389,-
traceQUEUE_SEND,2389,2416679,3ffbd2a0,3ffbd6cc,,,trace_lg
traceQUEUE_SEND,2389,2416686,3ffbd2a0,3ffb68d4,,,trace_lg
traceTASK_INCREMENT_TICK,2389,2417546,,,,2390,-
traceTASK_INCREMENT_TICK,2390,2418546,,,,2391,-
traceQUEUE_SEND,2391,2419370,3ffbd2a0,3ffbd6cc,,,trace_lg
traceQUEUE_SEND,2391,2419377,3ffbd2a0,3ffb68d4,,,trace_lg
traceTASK_INCREMENT_TICK,2391,2419546,,,,2392,-
traceTASK_INCREMENT_TICK,2392,2420546,,,,2393,-
traceTASK_INCREMENT_TICK,2393,2421546,,,,2394,-
traceTASK_INCREMENT_TICK,2394,2422546,,,,2395,-
traceTASK_INCREMENT_TICK,2395,2423546,,,,2396,-
traceQUEUE_SEND,2396,2423884,3ffbd2a0,3ffbd6cc,,,trace_lg
traceQUEUE_SEND,2396,2423891,3ffbd2a0,3ffb68d4,,,trace_lg
traceTASK_INCREMENT_TICK,2396,2424546,,,,2397,-
traceTASK_INCREMENT_TICK,2397,2425546,,,,2398,-
traceTASK_INCREMENT_TICK,2398,2426546,,,,2399,-
traceTASK_INCREMENT_TICK,2399,2427546,,,,2400,-
traceQUEUE_SEND,2400,2428397,3ffbd2a0,3ffbd6cc,,,trace_lg
traceQUEUE_SEND,2400,2428405,3ffbd2a0,3ffb68d4,,,trace_lg
traceTASK_INCREMENT_TICK,2400,2428546,,,,2401,-
traceTASK_INCREMENT_TICK,2401,2429546,,,,2402,-
traceTASK_INCREMENT_TICK,2402,2430546,,,,2403,-
traceQUEUE_SEND,2403,2431088,3ffbd2a0,3ffbd6cc,,,trace_lg
traceQUEUE_SEND,2403,2431096,3ffbd2a0,3ffb68d4,,,trace_lg
traceTASK_INCREMENT_TICK,2403,2431546,,,,2404,-
traceTASK_SWITCHED_OUT,2404,2431551,3ffbd2a0,,,,trace_lg
traceTASK_SWITCHED_IN,2404,2431553,3ffbad08,,,,reciever
traceQUEUE_RECEIVE,2404,2431557,3ffbad08,3ffbd72c,4294967295,,reciever
traceTASK_DELAY_UNTIL,2404,2431560,3ffbad08,,,2504,reciever
traceTASK_SWITCHED_OUT,2404,2431568,3ffbad08,,,,reciever
traceTASK_SWITCHED_IN,2404,2431571,3ffbd2a0,,,,trace_lg
traceTASK_INCREMENT_TICK,2404,2432546,,,,2405,-
traceTASK_INCREMENT_TICK,2405,2433546,,,,2406,-
traceQUEUE_SEND,2406,2433779,3ffbd2a0,3ffbd6cc,,,trace_lg
traceQUEUE_SEND,2406,2433787,3ffbd2a0,3ffb68d4,,,trace_lg
traceTASK_INCREMENT_TICK,2406,2434546,,,,2407,-
traceTASK_INCREMENT_TICK,2407,2435546,,,,2408,-
traceQUEUE_SEND,2408,2436470,3ffbd2a0,3ffbd6cc,,,trace_lg
traceQUEUE_SEND,2408,2436477,3ffbd2a0,3ffb68d4,,,trace_lg
traceTASK_INCREMENT_TICK,2408,2436546,,,,2409,-
traceTASK_SWITCHED_OUT,2409,2436552,3ffbd2a0,,,,trace_lg
traceTASK_SWITCHED_IN,2409,2436624,3ffbd2a0,,,,trace_lg
traceTASK_INCREMENT_TICK,2409,2437546,,,,2410,-
traceTASK_INCREMENT_TICK,2410,2438546,,,,2411,-
traceTASK_INCREMENT_TICK,2411,2439546,,,,2412,-
traceTASK_INCREMENT_TICK,2412,2440546,,,,2413,-
traceTASK_SWITCHED_OUT,2413,2440550,3ffbd2a0,,,,trace_lg
traceTASK_SWITCHED_IN,2413,2440587,3ffbd2a0,,,,trace_lg
traceQUEUE_SEND,2413,2440984,3ffbd2a0,3ffbd6cc,,,trace_lg
traceQUEUE_SEND,2413,2440991,3ffbd2a0,3ffb68d4,,,trace_lg
traceTASK_INCREMENT_TICK,2413,2441546,,,,2414,-
traceTASK_INCREMENT_TICK,2414,2442546,,,,2415,-
traceTASK_INCREMENT_TICK,2415,2443546,,,,2416,-
traceTASK_INCREMENT_TICK,2416,2444546,,,,2417,-
traceQUEUE_SEND,2417,2445498,3ffbd2a0,3ffbd6cc,,,trace_lg
traceQUEUE_SEND,2417,2445505,3ffbd2a0,3ffb68d4,,,trace_lg
traceTASK_INCREMENT_TICK,2417,2445546,,,,2418,-
traceTASK_INCREMENT_TICK,2418,2446546,,,,2419,-
traceTASK_INCREMENT_TICK,2419,2447546,,,,2420,-
traceQUEUE_SEND,2420,2448189,3ffbd2a0,3ffbd6cc,,,trace_lg
traceQUEUE_SEND,2420,2448196,3ffbd2a0,3ffb68d4,,,trace_lg
traceTASK_INCREMENT_TICK,2718,2746546,,,,2719,-
traceTASK_INCREMENT_TICK,2719,2747546,,,,2720,-
traceQUEUE_SEND,2720,2747925,3ffbd2a0,3ffbd6cc,,,trace_lg
traceQUEUE_SEND,2720,2747933,3ffbd2a0,3ffb68d4,,,trace_lg
traceTASK_INCREMENT_TICK,2720,2748546,,,,2721,-
traceTASK_INCREMENT_TICK,2721,2749546,,,,2722,-
traceTASK_INCREMENT_TICK,2722,2750546,,,,2723,-
traceQUEUE_SEND,2723,2750617,3ffbd2a0,3ffbd6cc,,,trace_lg
traceQUEUE_SEND,2723,2750624,3ffbd2a0,3ffb68d4,,,trace_lg
traceTASK_INCREMENT_TICK,2723,2751546,,,,2724,-
traceTASK_INCREMENT_TICK,2724,2752546,,,,2725,-
traceQUEUE_SEND,2725,2753307,3ffbd2a0,3ffbd6cc,,,trace_lg
traceQUEUE_SEND,2725,2753315,3ffbd2a0,3ffb68d4,,,trace_lg
traceTASK_INCREMENT_TICK,2725,2753546,,,,2726,-
traceTASK_INCREMENT_TICK,2726,2754546,,,,2727,-
traceTASK_INCREMENT_TICK,2727,2755546,,,,2728,-
traceTASK_INCREMENT_TICK,2728,2756546,,,,2729,-
traceTASK_INCREMENT_TICK,2729,2757546,,,,2730,-
traceQUEUE_SEND,2730,2757821,3ffbd2a0,3ffbd6cc,,,trace_lg
traceQUEUE_SEND,2730,2757829,3ffbd2a0,3ffb68d4,,,trace_lg
traceTASK_INCREMENT_TICK,2730,2758546,,,,2731,-
traceTASK_INCREMENT_TICK,2731,2759546,,,,2732,-
traceTASK_INCREMENT_TICK,2732,2760546,,,,2733,-
traceTASK_INCREMENT_TICK,2733,2761546,,,,2734,-
traceQUEUE_SEND,2734,2762335,3ffbd2a0,3ffbd6cc,,,trace_lg
traceQUEUE_SEND,2734,2762342,3ffbd2a0,3ffb68d4,,,trace_lg
traceTASK_INCREMENT_TICK,2734,2762546,,,,2735,-
traceTASK_INCREMENT_TICK,2735,2763546,,,,2736,-
traceTASK_INCREMENT_TICK,2736,2764546,,,,2737,-
traceQUEUE_SEND,2737,2765026,3ffbd2a0,3ffbd6cc,,,trace_lg
traceQUEUE_SEND,2737,2765033,3ffbd2a0,3ffb68d4,,,trace_lg
traceTASK_INCREMENT_TICK,2737,2765546,,,,2738,-
traceTASK_INCREMENT_TICK,2738,2766546,,,,2739,-
traceTASK_INCREMENT_TICK,2739,2767546,,,,2740,-
traceQUEUE_SEND,2740,2767717,3ffbd2a0,3ffbd6cc,,,trace_lg
traceQUEUE_SEND,2740,2767724,3ffbd2a0,3ffb68d4,,,trace_lg
traceTASK_INCREMENT_TICK,2740,2768546,,,,2741,-
traceTASK_INCREMENT_TICK,2741,2769546,,,,2742,-
traceQUEUE_SEND,2742,2770408,3ffbd2a0,3ffbd6cc,,,trace_lg
traceQUEUE_SEND,2742,2770415,3ffbd2a0,3ffb68d4,,,trace_lg
traceTASK_INCREMENT_TICK,2742,2770546,,,,2743,-
traceTASK_INCREMENT_TICK,2743,2771546,,,,2744,-
traceTASK_INCREMENT_TICK,2744,2772546,,,,2745,-
traceTASK_INCREMENT_TICK,2745,2773546,,,,2746,-
traceTASK_INCREMENT_TICK,2746,2774546,,,,2747,-
traceQUEUE_SEND,2747,2774922,3ffbd2a0,3ffbd6cc,,,trace_lg
traceQUEUE_SEND,2747,2774929,3ffbd2a0,3ffb68d4,,,trace_lg
traceTASK_INCREMENT_TICK,2747,2775546,,,,2748,-
traceTASK_INCREMENT_TICK,2748,2776546,,,,2749,-
traceTASK_INCREMENT_TICK,2749,2777546,,,,2750,-
traceTASK_INCREMENT_TICK,2750,2778546,,,,2751,-
traceQUEUE_SEND,2751,2779436,3ffbd2a0,3ffbd6cc,,,trace_lg
traceQUEUE_SEND,2751,2779443,3ffbd2a0,3ffb68d4,,,trace_lg
traceTASK_INCREMENT_TICK,2751,2779546,,,,2752,-
traceTASK_INCREMENT_TICK,2752,2780546,,,,2753,-
traceTASK_INCREMENT_TICK,2753,2781546,,,,2754,-
traceQUEUE_SEND,2754,2782127,3ffbd2a0,3ffbd6cc,,,trace_lg
traceQUEUE_SEND,2754,2782134,3ffbd2a0,3ffb68d4,,,trace_lg
traceTASK_INCREMENT_TICK,2754,2782546,,,,2755,-
traceTASK_INCREMENT_TICK,2755,2783546,,,,2756,-
traceTASK_INCREMENT_TICK,2756,2784546,,,,2757,-
traceQUEUE_SEND,2757,2784817,3ffbd2a0,3ffbd6cc,,,trace_lg
traceQUEUE_SEND,2757,2784825,3ffbd2a0,3ffb68d4,,,trace_lg
traceTASK_INCREMENT_TICK,2757,2785546,,,,2758,-
traceTASK_INCREMENT_TICK,2758,2786546,,,,2759,-
traceTASK_INCREMENT_TICK,2759,2787546,,,,2760,-
traceTASK_INCREMENT_TICK,2760,2788546,,,,2761,-
traceQUEUE_SEND,2761,2789331,3ffbd2a0,3ffbd6cc,,,trace_lg
traceQUEUE_SEND,2761,2789339,3ffbd2a0,3ffb68d4,,,trace_lg
traceTASK_INCREMENT_TICK,2761,2789546,,,,2762,-
traceTASK_INCREMENT_TICK,2762,2790546,,,,2763,-
traceTASK_INCREMENT_TICK,2763,2791546,,,,2764,-
traceTASK_INCREMENT_TICK,2764,2792546,,,,2765,-
traceTASK_INCREMENT_TICK,2765,2793546,,,,2766,-
traceQUEUE_SEND,2766,2793845,3ffbd2a0,3ffbd6cc,,,trace_lg
traceQUEUE_SEND,2766,2793852,3ffbd2a0,3ffb68d4,,,trace_lg
traceTASK_INCREMENT_TICK,2766,2794546,,,,2767,-
traceTASK_INCREMENT_TICK,2767,2795546,,,,2768,-
traceQUEUE_SEND,2768,2796536,3ffbd2a0,3ffbd6cc,,,trace_lg
traceQUEUE_SEND,2768,2796543,3ffbd2a0,3ffb68d4,,,trace_lg
traceTASK_INCREMENT_TICK,2768,2796549,,,,2769,-
traceTASK_INCREMENT_TICK,2769,2797546,,,,2770,-
traceTASK_INCREMENT_TICK,2770,2798546,,,,2771,-
traceQUEUE_SEND,2771,2799227,3ffbd2a0,3ffbd6cc,,,trace_lg
traceQUEUE_SEND,2771,2799234,3ffbd2a0,3ffb68d4,,,trace_lg
traceTASK_INCREMENT_TICK,2771,2799546,,,,2772,-
traceTASK_INCREMENT_TICK,2772,2800546,,,,2773,-
traceTASK_INCREMENT_TICK,2773,2801546,,,,2774,-
traceQUEUE_SEND,2774,2801918,3ffbd2a0,3ffbd6cc,,,trace_lg
traceQUEUE_SEND,2774,2801925,3ffbd2a0,3ffb68d4,,,trace_lg
traceTASK_INCREMENT_TICK,2774,2802546,,,,2775,-
traceTASK_INCREMENT_TICK,2775,2803546,,,,2776,-
traceTASK_INCREMENT_TICK,2776,2804546,,,,2777,-
traceQUEUE_SEND,2777,2804609,3ffbd2a0,3ffbd6cc,,,trace_lg
traceQUEUE_SEND,2777,2804616,3ffbd2a0,3ffb68d4,,,trace_lg
traceTASK_INCREMENT_TICK,2777,2805546,,,,2778,-
traceTASK_INCREMENT_TICK,2778,2806546,,,,2779,-
traceQUEUE_SEND,2779,2807300,3ffbd2a0,3ffbd6cc,,,trace_lg
traceQUEUE_SEND,2779,2807307,3ffbd2a0,3ffb68d4,,,trace_lg
traceTASK_INCREMENT_TICK,2779,2807546,,,,2780,-
traceTASK_INCREMENT_TICK,2780,2808546,,,,2781,-
traceTASK_INCREMENT_TICK,2781,2809546,,,,2782,-
traceTASK_INCREMENT_TICK,2782,2810546,,,,2783,-
traceTASK_INCREMENT_TICK,2783,2811546,,,,2784,-
traceQUEUE_SEND,2784,2811814,3ffbd2a0,3ffbd6cc,,,trace_lg
traceTASK_INCREMENT_TICK,3073,3101546,,,,3074,-
traceQUEUE_SEND,3074,3101568,3ffbd2a0,3ffbd6cc,,,trace_lg
traceQUEUE_SEND,3074,3101575,3ffbd2a0,3ffb68d4,,,trace_lg
traceTASK_INCREMENT_TICK,3074,3102546,,,,3075,-
traceTASK_INCREMENT_TICK,3075,3103546,,,,3076,-
traceQUEUE_SEND,3076,3104259,3ffbd2a0,3ffbd6cc,,,trace_lg
traceQUEUE_SEND,3076,3104266,3ffbd2a0,3ffb68d4,,,trace_lg
traceTASK_INCREMENT_TICK,3076,3104546,,,,3077,-
traceTASK_INCREMENT_TICK,3077,3105546,,,,3078,-
traceTASK_INCREMENT_TICK,3078,3106546,,,,3079,-
traceTASK_INCREMENT_TICK,3079,3107546,,,,3080,-
traceTASK_INCREMENT_TICK,3080,3108546,,,,3081,-
traceQUEUE_SEND,3081,3108772,3ffbd2a0,3ffbd6cc,,,trace_lg
traceQUEUE_SEND,3081,3108780,3ffbd2a0,3ffb68d4,,,trace_lg
traceTASK_INCREMENT_TICK,3081,3109546,,,,3082,-
traceTASK_INCREMENT_TICK,3082,3110546,,,,3083,-
traceTASK_INCREMENT_TICK,3083,3111546,,,,3084,-
traceTASK_INCREMENT_TICK,3084,3112546,,,,3085,-
traceQUEUE_SEND,3085,3113286,3ffbd2a0,3ffbd6cc,,,trace_lg
traceQUEUE_SEND,3085,3113294,3ffbd2a0,3ffb68d4,,,trace_lg
traceTASK_INCREMENT_TICK,3085,3113546,,,,3086,-
traceTASK_INCREMENT_TICK,3086,3114546,,,,3087,-
traceTASK_INCREMENT_TICK,3087,3115546,,,,3088,-
traceQUEUE_SEND,3088,3115977,3ffbd2a0,3ffbd6cc,,,trace_lg
traceQUEUE_SEND,3088,3115985,3ffbd2a0,3ffb68d4,,,trace_lg
traceTASK_INCREMENT_TICK,3088,3116546,,,,3089,-
traceTASK_INCREMENT_TICK,3089,3117546,,,,3090,-
traceTASK_INCREMENT_TICK,3090,3118546,,,,3091,-
traceQUEUE_SEND,3091,3118668,3ffbd2a0,3ffbd6cc,,,trace_lg
traceQUEUE_SEND,3091,3118676,3ffbd2a0,3ffb68d4,,,trace_lg
traceTASK_INCREMENT_TICK,3091,3119546,,,,3092,-
traceTASK_INCREMENT_TICK,3092,3120546,,,,3093,-
traceTASK_INCREMENT_TICK,3093,3121546,,,,3094,-
traceTASK_INCREMENT_TICK,3094,3122546,,,,3095,-
traceQUEUE_SEND,3095,3123182,3ffbd2a0,3ffbd6cc,,,trace_lg
traceQUEUE_SEND,3095,3123189,3ffbd2a0,3ffb68d4,,,trace_lg
traceTASK_INCREMENT_TICK,3095,3123546,,,,3096,-
traceTASK_INCREMENT_TICK,3096,3124546,,,,3097,-
traceTASK_INCREMENT_TICK,3097,3125546,,,,3098,-
traceTASK_INCREMENT_TICK,3098,3126546,,,,3099,-
traceTASK_INCREMENT_TICK,3099,3127546,,,,3100,-
traceQUEUE_SEND,3100,3127696,3ffbd2a0,3ffbd6cc,,,trace_lg
traceQUEUE_SEND,3100,3127703,3ffbd2a0,3ffb68d4,,,trace_lg
traceTASK_INCREMENT_TICK,3100,3128546,,,,3101,-
traceTASK_INCREMENT_TICK,3101,3129546,,,,3102,-
traceQUEUE_SEND,3102,3130387,3ffbd2a0,3ffbd6cc,,,trace_lg
traceQUEUE_SEND,3102,3130394,3ffbd2a0,3ffb68d4,,,trace_lg
traceTASK_INCREMENT_TICK,3102,3130546,,,,3103,-
traceTASK_INCREMENT_TICK,3103,3131546,,,,3104,-
traceTASK_SWITCHED_OUT,3104,3131550,3ffbd2a0,,,,trace_lg
traceTASK_SWITCHED_IN,3104,3131553,3ffbad08,,,,reciever
traceQUEUE_RECEIVE,3104,3131557,3ffbad08,3ffbd72c,4294967295,,reciever
traceTASK_DELAY_UNTIL,3104,3131560,3ffbad08,,,3204,reciever
traceTASK_SWITCHED_OUT,3104,3131568,3ffbad08,,,,reciever
traceTASK_SWITCHED_IN,3104,3131571,3ffbd2a0,,,,trace_lg
traceTASK_INCREMENT_TICK,3104,3132546,,,,3105,-
traceQUEUE_SEND,3105,3133078,3ffbd2a0,3ffbd6cc,,,trace_lg
traceQUEUE_SEND,3105,3133085,3ffbd2a0,3ffb68d4,,,trace_lg
traceTASK_INCREMENT_TICK,3105,3133546,,,,3106,-
traceTASK_INCREMENT_TICK,3106,3134546,,,,3107,-
traceTASK_INCREMENT_TICK,3107,3135546,,,,3108,-
traceQUEUE_SEND,3108,3135769,3ffbd2a0,3ffbd6cc,,,trace_lg
traceQUEUE_SEND,3108,3135776,3ffbd2a0,3ffb68d4,,,trace_lg
traceTASK_INCREMENT_TICK,3108,3136546,,,,3109,-
traceTASK_INCREMENT_TICK,3109,3137546,,,,3110,-
traceQUEUE_SEND,3110,3138460,3ffbd2a0,3ffbd6cc,,,trace_lg
traceQUEUE_SEND,3110,3138467,3ffbd2a0,3ffb68d4,,,trace_lg
traceTASK_INCREMENT_TICK,3110,3138546,,,,3111,-
traceTASK_INCREMENT_TICK,3111,3139546,,,,3112,-
traceTASK_INCREMENT_TICK,3112,3140546,,,,3113,-
traceTASK_SWITCHED_OUT,3113,3140550,3ffbd2a0,,,,trace_lg
traceTASK_SWITCHED_IN,3113,3140588,3ffbd2a0,,,,trace_lg
traceQUEUE_SEND,3113,3141151,3ffbd2a0,3ffbd6cc,,,trace_lg
traceQUEUE_SEND,3113,3141158,3ffbd2a0,3ffb68d4,,,trace_lg
traceTASK_INCREMENT_TICK,3113,3141546,,,,3114,-
traceTASK_INCREMENT_TICK,3114,3142546,,,,3115,-
traceTASK_INCREMENT_TICK,3115,3143546,,,,3116,-
traceTASK_INCREMENT_TICK,3116,3144546,,,,3117,-
traceTASK_INCREMENT_TICK,3117,3145546,,,,3118,-
traceQUEUE_SEND,3118,3145665,3ffbd2a0,3ffbd6cc,,,trace_lg
traceQUEUE_SEND,3118,3145672,3ffbd2a0,3ffb68d4,,,trace_lg
traceTASK_INCREMENT_TICK,3118,3146546,,,,3119,-
traceTASK_INCREMENT_TICK,3119,3147546,,,,3120,-
traceTASK_INCREMENT_TICK,3120,3148546,,,,3121,-
traceTASK_INCREMENT_TICK,3121,3149546,,,,3122,-
traceQUEUE_SEND,3122,3150178,3ffbd2a0,3ffbd6cc,,,trace_lg
traceQUEUE_SEND,3122,3150186,3ffbd2a0,3ffb68d4,,,trace_lg
traceTASK_INCREMENT_TICK,3122,3150546,,,,3123,-
traceTASK_INCREMENT_TICK,3123,3151546,,,,3124,-
traceTASK_INCREMENT_TICK,3124,3152546,,,,3125,-
traceQUEUE_SEND,3125,3152869,3ffbd2a0,3ffbd6cc,,,trace_lg
traceQUEUE_SEND,3125,3152877,3ffbd2a0,3ffb68d4,,,trace_lg
traceTASK_INCREMENT_TICK,3125,3153546,,,,3126,-
traceTASK_INCREMENT_TICK,3126,3154546,,,,3127,-
traceTASK_INCREMENT_TICK,3127,3155546,,,,3128,-
traceQUEUE_SEND,3128,3155560,3ffbd2a0,3ffbd6cc,,,trace_lg
traceQUEUE_SEND,3419,3447224,3ffbd2a0,3ffbd6cc,,,trace_lg
traceQUEUE_SEND,3419,3447231,3ffbd2a0,3ffb68d4,,,trace_lg
traceTASK_INCREMENT_TICK,3419,3447546,,,,3420,-
traceTASK_INCREMENT_TICK,3420,3448546,,,,3421,-
traceTASK_INCREMENT_TICK,3421,3449546,,,,3422,-
traceTASK_INCREMENT_TICK,3422,3450546,,,,3423,-
traceTASK_INCREMENT_TICK,3423,3451546,,,,3424,-
traceQUEUE_SEND,3424,3451738,3ffbd2a0,3ffbd6cc,,,trace_lg
traceQUEUE_SEND,3424,3451745,3ffbd2a0,3ffb68d4,,,trace_lg
traceTASK_INCREMENT_TICK,3424,3452546,,,,3425,-
traceTASK_INCREMENT_TICK,3425,3453546,,,,3426,-
traceTASK_INCREMENT_TICK,3426,3454546,,,,3427,-
traceTASK_INCREMENT_TICK,3427,3455546,,,,3428,-
traceQUEUE_SEND,3428,3456252,3ffbd2a0,3ffbd6cc,,,trace_lg
traceQUEUE_SEND,3428,3456259,3ffbd2a0,3ffb68d4,,,trace_lg
traceTASK_INCREMENT_TICK,3428,3456546,,,,3429,-
traceTASK_INCREMENT_TICK,3429,3457546,,,,3430,-
traceTASK_INCREMENT_TICK,3430,3458546,,,,3431,-
traceQUEUE_SEND,3431,3458943,3ffbd2a0,3ffbd6cc,,,trace_lg
traceQUEUE_SEND,3431,3458950,3ffbd2a0,3ffb68d4,,,trace_lg
traceTASK_INCREMENT_TICK,3431,3459546,,,,3432,-
traceTASK_INCREMENT_TICK,3432,3460546,,,,3433,-
traceTASK_INCREMENT_TICK,3433,3461546,,,,3434,-
traceQUEUE_SEND,3434,3461633,3ffbd2a0,3ffbd6cc,,,trace_lg
traceQUEUE_SEND,3434,3461641,3ffbd2a0,3ffb68d4,,,trace_lg
traceTASK_INCREMENT_TICK,3434,3462546,,,,3435,-
traceTASK_INCREMENT_TICK,3435,3463546,,,,3436,-
traceQUEUE_SEND,3436,3464325,3ffbd2a0,3ffbd6cc,,,trace_lg
traceQUEUE_SEND,3436,3464332,3ffbd2a0,3ffb68d4,,,trace_lg
traceTASK_INCREMENT_TICK,3436,3464546,,,,3437,-
traceTASK_INCREMENT_TICK,3437,3465546,,,,3438,-
traceTASK_INCREMENT_TICK,3438,3466546,,,,3439,-
traceQUEUE_SEND,3439,3467015,3ffbd2a0,3ffbd6cc,,,trace_lg
traceQUEUE_SEND,3439,3467023,3ffbd2a0,3ffb68d4,,,trace_lg
traceTASK_INCREMENT_TICK,3439,3467546,,,,3440,-
traceTASK_INCREMENT_TICK,3440,3468546,,,,3441,-
traceTASK_INCREMENT_TICK,3441,3469546,,,,3442,-
traceQUEUE_SEND,3442,3469706,3ffbd2a0,3ffbd6cc,,,trace_lg
traceQUEUE_SEND,3442,3469714,3ffbd2a0,3ffb68d4,,,trace_lg
traceTASK_INCREMENT_TICK,3442,3470546,,,,3443,-
traceTASK_INCREMENT_TICK,3443,3471546,,,,3444,-
traceTASK_INCREMENT_TICK,3444,3472546,,,,3445,-
traceTASK_INCREMENT_TICK,3445,3473546,,,,3446,-
traceQUEUE_SEND,3446,3474220,3ffbd2a0,3ffbd6cc,,,trace_lg
traceQUEUE_SEND,3446,3474228,3ffbd2a0,3ffb68d4,,,trace_lg
traceTASK_INCREMENT_TICK,3446,3474546,,,,3447,-
traceTASK_INCREMENT_TICK,3447,3475546,,,,3448,-
traceTASK_INCREMENT_TICK,3448,3476546,,,,3449,-
traceTASK_INCREMENT_TICK,3449,3477546,,,,3450,-
traceTASK_INCREMENT_TICK,3450,3478546,,,,3451,-
traceQUEUE_SEND,3451,3478734,3ffbd2a0,3ffbd6cc,,,trace_lg
traceQUEUE_SEND,3451,3478741,3ffbd2a0,3ffb68d4,,,trace_lg
traceTASK_INCREMENT_TICK,3451,3479546,,,,3452,-
traceTASK_INCREMENT_TICK,3452,3480546,,,,3453,-
traceQUEUE_SEND,3453,3481425,3ffbd2a0,3ffbd6cc,,,trace_lg
traceQUEUE_SEND,3453,3481432,3ffbd2a0,3ffb68d4,,,trace_lg
traceTASK_INCREMENT_TICK,3453,3481546,,,,3454,-
traceTASK_INCREMENT_TICK,3454,3482546,,,,3455,-
traceTASK_INCREMENT_TICK,3455,3483546,,,,3456,-
traceQUEUE_SEND,3456,3484116,3ffbd2a0,3ffbd6cc,,,trace_lg
traceQUEUE_SEND,3456,3484123,3ffbd2a0,3ffb68d4,,,trace_lg
traceTASK_INCREMENT_TICK,3456,3484546,,,,3457,-
traceTASK_INCREMENT_TICK,3457,3485546,,,,3458,-
traceTASK_INCREMENT_TICK,3458,3486546,,,,3459,-
traceQUEUE_SEND,3459,3486807,3ffbd2a0,3ffbd6cc,,,trace_lg
traceQUEUE_SEND,3459,3486814,3ffbd2a0,3ffb68d4,,,trace_lg
traceTASK_INCREMENT_TICK,3459,3487546,,,,3460,-
traceTASK_INCREMENT_TICK,3460,3488546,,,,3461,-
traceQUEUE_SEND,3461,3489498,3ffbd2a0,3ffbd6cc,,,trace_lg
traceQUEUE_SEND,3461,3489505,3ffbd2a0,3ffb68d4,,,trace_lg
traceTASK_INCREMENT_TICK,3461,3489546,,,,3462,-
traceTASK_INCREMENT_TICK,3462,3490546,,,,3463,-
traceTASK_INCREMENT_TICK,3463,3491546,,,,3464,-
traceTASK_INCREMENT_TICK,3464,3492546,,,,3465,-
traceTASK_INCREMENT_TICK,3465,3493546,,,,3466,-
traceQUEUE_SEND,3466,3494012,3ffbd2a0,3ffbd6cc,,,trace_lg
traceQUEUE_SEND,3466,3494019,3ffbd2a0,3ffb68d4,,,trace_lg
traceTASK_INCREMENT_TICK,3466,3494546,,,,3467,-
traceTASK_INCREMENT_TICK,3467,3495546,,,,3468,-
traceTASK_INCREMENT_TICK,3468,3496546,,,,3469,-
traceTASK_INCREMENT_TICK,3469,3497546,,,,3470,-
traceQUEUE_SEND,3470,3498526,3ffbd2a0,3ffbd6cc,,,trace_lg
traceQUEUE_SEND,3470,3498533,3ffbd2a0,3ffb68d4,,,trace_lg
traceTASK_INCREMENT_TICK,3470,3498546,,,,3471,-
traceTASK_INCREMENT_TICK,3471,3499546,,,,3472,-
traceTASK_INCREMENT_TICK,3472,3500546,,,,3473,-
traceQUEUE_SEND,3473,3501217,3ffbd2a0,3ffbd6cc,,,trace_lg
traceQUEUE_SEND,3473,3501224,3ffbd2a0,3ffb68d4,,,trace_lg
traceTASK_INCREMENT_TICK,3473,3501546,,,,3474,-
traceTASK_INCREMENT_TICK,3474,3502546,,,,3475,-
traceTASK_INCREMENT_TICK,3475,3503546,,,,3476,-
traceQUEUE_SEND,3476,3503907,3ffbd2a0,3ffbd6cc,,,trace_lg
traceQUEUE_SEND,3476,3503915,3ffbd2a0,3ffb68d4,,,trace_lg
traceTASK_INCREMENT_TICK,3476,3504546,,,,3477,-
traceTASK_INCREMENT_TICK,3477,3505546,,,,3478,-
traceTASK_INCREMENT_TICK,3478,3506546,,,,3479,-
traceQUEUE_SEND,3479,3506599,3ffbd2a0,3ffbd6cc,,,trace_lg
traceQUEUE_SEND,3479,3506606,3ffbd2a0,3ffb68d4,,,trace_lg
traceTASK_INCREMENT_TICK,3479,3507546,,,,3480,-
traceTASK_INCREMENT_TICK,3480,3508546,,,,3481,-
traceTASK_INCREMENT_TICK,3481,3509546,,,,3482,-
traceTASK_INCREMENT_TICK,3482,3510546,,,,3483,-
traceQUEUE_SEND,3483,3511112,3ffbd2a0,3ffbd6cc,,,trace_lg
traceQUEUE_SEND,4017,4044576,3ffbd2a0,3ffbd6cc,,,trace_lg
traceQUEUE_SEND,4017,4044628,3ffbd2a0,3ffbd6cc,,,trace_lg
traceQUEUE_SEND,4017,4044635,3ffbd2a0,3ffb68d4,,,trace_lg
traceQUEUE_SEND,4017,4044722,3ffbd2a0,3ffbd6cc,,,trace_lg
traceQUEUE_SEND,4017,4044730,3ffbd2a0,3ffb68d4,,,trace_lg
traceTASK_INCREMENT_TICK,4017,4045546,,,,4018,-
traceTASK_INCREMENT_TICK,4018,4046546,,,,4019,-
traceQUEUE_SEND,4019,4046790,3ffbd2a0,3ffbd6cc,,,trace_lg
traceQUEUE_SEND,4019,4046797,3ffbd2a0,3ffb68d4,,,trace_lg
traceTASK_INCREMENT_TICK,4019,4047546,,,,4020,-
traceTASK_INCREMENT_TICK,4020,4048546,,,,4021,-
traceTASK_INCREMENT_TICK,4021,4049546,,,,4022,-
traceTASK_INCREMENT_TICK,4022,4050546,,,,4023,-
traceQUEUE_SEND,4023,4051304,3ffbd2a0,3ffbd6cc,,,trace_lg
traceQUEUE_SEND,4023,4051311,3ffbd2a0,3ffb68d4,,,trace_lg
traceTASK_INCREMENT_TICK,4023,4051546,,,,4024,-
traceTASK_INCREMENT_TICK,4024,4052546,,,,4025,-
traceTASK_INCREMENT_TICK,4025,4053546,,,,4026,-
traceTASK_INCREMENT_TICK,4026,4054546,,,,4027,-
traceTASK_INCREMENT_TICK,4027,4055546,,,,4028,-
traceQUEUE_SEND,4028,4055817,3ffbd2a0,3ffbd6cc,,,trace_lg
traceQUEUE_SEND,4028,4055825,3ffbd2a0,3ffb68d4,,,trace_lg
traceTASK_INCREMENT_TICK,4028,4056546,,,,4029,-
traceTASK_INCREMENT_TICK,4029,4057546,,,,4030,-
traceTASK_INCREMENT_TICK,4030,4058546,,,,4031,-
traceTASK_INCREMENT_TICK,4031,4059546,,,,4032,-
traceQUEUE_SEND,4032,4060331,3ffbd2a0,3ffbd6cc,,,trace_lg
traceQUEUE_SEND,4032,4060339,3ffbd2a0,3ffb68d4,,,trace_lg
traceTASK_INCREMENT_TICK,4032,4060546,,,,4033,-
traceTASK_INCREMENT_TICK,4033,4061546,,,,4034,-
traceTASK_INCREMENT_TICK,4034,4062546,,,,4035,-
traceQUEUE_SEND,4035,4063022,3ffbd2a0,3ffbd6cc,,,trace_lg
traceQUEUE_SEND,4035,4063030,3ffbd2a0,3ffb68d4,,,trace_lg
traceTASK_INCREMENT_TICK,4035,4063546,,,,4036,-
traceTASK_INCREMENT_TICK,4036,4064546,,,,4037,-
traceTASK_INCREMENT_TICK,4037,4065546,,,,4038,-
traceQUEUE_SEND,4038,4065713,3ffbd2a0,3ffbd6cc,,,trace_lg
traceQUEUE_SEND,4038,4065721,3ffbd2a0,3ffb68d4,,,trace_lg
traceTASK_INCREMENT_TICK,4038,4066546,,,,4039,-
traceTASK_INCREMENT_TICK,4039,4067546,,,,4040,-
traceTASK_INCREMENT_TICK,4040,4068546,,,,4041,-
traceTASK_INCREMENT_TICK,4041,4069546,,,,4042,-
traceQUEUE_SEND,4042,4070227,3ffbd2a0,3ffbd6cc,,,trace_lg
traceQUEUE_SEND,4042,4070234,3ffbd2a0,3ffb68d4,,,trace_lg
traceTASK_INCREMENT_TICK,4042,4070546,,,,4043,-
traceTASK_INCREMENT_TICK,4043,4071546,,,,4044,-
traceTASK_INCREMENT_TICK,4044,4072546,,,,4045,-
traceTASK_INCREMENT_TICK,4045,4073546,,,,4046,-
traceTASK_INCREMENT_TICK,4046,4074546,,,,4047,-
traceQUEUE_SEND,4047,4074741,3ffbd2a0,3ffbd6cc,,,trace_lg
traceQUEUE_SEND,4047,4074748,3ffbd2a0,3ffb68d4,,,trace_lg
traceTASK_INCREMENT_TICK,4047,4075546,,,,4048,-
traceTASK_INCREMENT_TICK,4048,4076546,,,,4049,-
traceQUEUE_SEND,4049,4077432,3ffbd2a0,3ffbd6cc,,,trace_lg
traceQUEUE_SEND,4049,4077439,3ffbd2a0,3ffb68d4,,,trace_lg
traceTASK_INCREMENT_TICK,4049,4077546,,,,4050,-
traceTASK_INCREMENT_TICK,4050,4078546,,,,4051,-
traceTASK_INCREMENT_TICK,4051,4079546,,,,4052,-
traceQUEUE_SEND,4052,4080123,3ffbd2a0,3ffbd6cc,,,trace_lg
traceQUEUE_SEND,4052,4080130,3ffbd2a0,3ffb68d4,,,trace_lg
traceTASK_INCREMENT_TICK,4052,4080546,,,,4053,-
traceTASK_INCREMENT_TICK,4053,4081546,,,,4054,-
traceTASK_INCREMENT_TICK,4054,4082546,,,,4055,-
traceQUEUE_SEND,4055,4082814,3ffbd2a0,3ffbd6cc,,,trace_lg
traceQUEUE_SEND,4055,4082821,3ffbd2a0,3ffb68d4,,,trace_lg
traceTASK_INCREMENT_TICK,4055,4083546,,,,4056,-
traceTASK_INCREMENT_TICK,4056,4084546,,,,4057,-
traceQUEUE_SEND,4057,4085505,3ffbd2a0,3ffbd6cc,,,trace_lg
traceQUEUE_SEND,4057,4085512,3ffbd2a0,3ffb68d4,,,trace_lg
traceTASK_INCREMENT_TICK,4057,4085546,,,,4058,-
traceTASK_INCREMENT_TICK,4058,4086546,,,,4059,-
traceTASK_INCREMENT_TICK,4059,4087546,,,,4060,-
traceTASK_INCREMENT_TICK,4060,4088546,,,,4061,-
traceTASK_INCREMENT_TICK,4061,4089546,,,,4062,-
traceQUEUE_SEND,4062,4090018,3ffbd2a0,3ffbd6cc,,,trace_lg
traceQUEUE_SEND,4062,4090026,3ffbd2a0,3ffb68d4,,,trace_lg
traceTASK_INCREMENT_TICK,4062,4090546,,,,4063,-
traceTASK_INCREMENT_TICK,4063,4091546,,,,4064,-
traceTASK_INCREMENT_TICK,4064,4092546,,,,4065,-
traceTASK_INCREMENT_TICK,4065,4093546,,,,4066,-
traceQUEUE_SEND,4066,4094532,3ffbd2a0,3ffbd6cc,,,trace_lg
traceQUEUE_SEND,4066,4094540,3ffbd2a0,3ffb68d4,,,trace_lg
traceTASK_INCREMENT_TICK,4066,4094546,,,,4067,-
traceTASK_INCREMENT_TICK,4067,4095546,,,,4068,-
traceTASK_INCREMENT_TICK,4068,4096546,,,,4069,-
traceQUEUE_SEND,4069,4097223,3ffbd2a0,3ffbd6cc,,,trace_lg
traceQUEUE_SEND,4069,4097231,3ffbd2a0,3ffb68d4,,,trace_lg
traceTASK_INCREMENT_TICK,4069,4097546,,,,4070,-
traceTASK_INCREMENT_TICK,4070,4098546,,,,4071,-
traceTASK_INCREMENT_TICK,4071,4099546,,,,4072,-
traceQUEUE_SEND,4072,4099914,3ffbd2a0,3ffbd6cc,,,trace_lg
traceQUEUE_SEND,4072,4099922,3ffbd2a0,3ffb68d4,,,trace_lg
traceTASK_INCREMENT_TICK,4072,4100546,,,,4073,-
traceTASK_INCREMENT_TICK,4073,4101546,,,,4074,-
traceTASK_INCREMENT_TICK,4074,4102546,,,,4075,-
traceQUEUE_SEND,4075,4102605,3ffbd2a0,3ffbd6cc,,,trace_lg
traceQUEUE_SEND,4075,4102613,3ffbd2a0,3ffb68d4,,,trace_lg
traceTASK_INCREMENT_TICK,4075,4103546,,,,4076,-
traceTASK_INCREMENT_TICK,4076,4104546,,,,4077,-
traceQUEUE_SEND,4077,4105296,3ffbd2a0,3ffbd6cc,,,trace_lg
traceQUEUE_SEND,4077,4105304,3ffbd2a0,3ffb68d4,,,trace_lg
traceTASK_INCREMENT_TICK,4077,4105546,,,,4078,-
traceTASK_INCREMENT_TICK,4078,4106546,,,,4079,-
traceTASK_INCREMENT_TICK,4079,4107546,,,,4080,-
traceQUEUE_SEND,4080,4107987,3ffbd2a0,3ffbd6cc,,,trace_lg
traceQUEUE_SEND,4080,4107994,3ffbd2a0,3ffb68d4,,,trace_lg
traceTASK_INCREMENT_TICK,4080,4108546,,,,4081,-
traceTASK_INCREMENT_TICK,4375,4403546,,,,4376,-
traceQUEUE_SEND,4376,4404078,3ffbd2a0,3ffbd6cc,,,trace_lg
traceQUEUE_SEND,4376,4404085,3ffbd2a0,3ffb68d4,,,trace_lg
traceTASK_INCREMENT_TICK,4376,4404546,,,,4377,-
traceTASK_INCREMENT_TICK,4377,4405546,,,,4378,-
traceTASK_INCREMENT_TICK,4378,4406546,,,,4379,-
traceQUEUE_SEND,4379,4406769,3ffbd2a0,3ffbd6cc,,,trace_lg
traceQUEUE_SEND,4379,4406776,3ffbd2a0,3ffb68d4,,,trace_lg
traceTASK_INCREMENT_TICK,4379,4407546,,,,4380,-
traceTASK_INCREMENT_TICK,4380,4408546,,,,4381,-
traceTASK_INCREMENT_TICK,4381,4409546,,,,4382,-
traceTASK_INCREMENT_TICK,4382,4410546,,,,4383,-
traceQUEUE_SEND,4383,4411283,3ffbd2a0,3ffbd6cc,,,trace_lg
traceQUEUE_SEND,4383,4411290,3ffbd2a0,3ffb68d4,,,trace_lg
traceTASK_INCREMENT_TICK,4383,4411546,,,,4384,-
traceTASK_INCREMENT_TICK,4384,4412546,,,,4385,-
traceTASK_INCREMENT_TICK,4385,4413546,,,,4386,-
traceTASK_INCREMENT_TICK,4386,4414546,,,,4387,-
traceTASK_INCREMENT_TICK,4387,4415546,,,,4388,-
traceQUEUE_SEND,4388,4415796,3ffbd2a0,3ffbd6cc,,,trace_lg
traceQUEUE_SEND,4388,4415804,3ffbd2a0,3ffb68d4,,,trace_lg
traceTASK_INCREMENT_TICK,4388,4416546,,,,4389,-
traceTASK_INCREMENT_TICK,4389,4417546,,,,4390,-
traceQUEUE_SEND,4390,4418488,3ffbd2a0,3ffbd6cc,,,trace_lg
traceQUEUE_SEND,4390,4418495,3ffbd2a0,3ffb68d4,,,trace_lg
traceTASK_INCREMENT_TICK,4390,4418546,,,,4391,-
traceTASK_INCREMENT_TICK,4391,4419546,,,,4392,-
traceTASK_INCREMENT_TICK,4392,4420546,,,,4393,-
traceQUEUE_SEND,4393,4421178,3ffbd2a0,3ffbd6cc,,,trace_lg
traceQUEUE_SEND,4393,4421186,3ffbd2a0,3ffb68d4,,,trace_lg
traceTASK_INCREMENT_TICK,4393,4421546,,,,4394,-
traceTASK_INCREMENT_TICK,4394,4422546,,,,4395,-
traceTASK_INCREMENT_TICK,4395,4423546,,,,4396,-
traceQUEUE_SEND,4396,4423869,3ffbd2a0,3ffbd6cc,,,trace_lg
traceQUEUE_SEND,4396,4423877,3ffbd2a0,3ffb68d4,,,trace_lg
traceTASK_INCREMENT_TICK,4396,4424546,,,,4397,-
traceTASK_INCREMENT_TICK,4397,4425546,,,,4398,-
traceTASK_INCREMENT_TICK,4398,4426546,,,,4399,-
traceTASK_INCREMENT_TICK,4399,4427546,,,,4400,-
traceQUEUE_SEND,4400,4428383,3ffbd2a0,3ffbd6cc,,,trace_lg
traceQUEUE_SEND,4400,4428391,3ffbd2a0,3ffb68d4,,,trace_lg
traceTASK_INCREMENT_TICK,4400,4428546,,,,4401,-
traceTASK_INCREMENT_TICK,4401,4429546,,,,4402,-
traceTASK_INCREMENT_TICK,4402,4430546,,,,4403,-
traceTASK_INCREMENT_TICK,4403,4431546,,,,4404,-
traceTASK_SWITCHED_OUT,4404,4431550,3ffbd2a0,,,,trace_lg
traceTASK_SWITCHED_IN,4404,4431553,3ffbad08,,,,reciever
traceQUEUE_RECEIVE,4404,4431557,3ffbad08,3ffbd72c,4294967295,,reciever
traceTASK_DELAY_UNTIL,4404,4431560,3ffbad08,,,4504,reciever
traceTASK_SWITCHED_OUT,4404,4431568,3ffbad08,,,,reciever
traceTASK_SWITCHED_IN,4404,4431571,3ffbd2a0,,,,trace_lg
traceTASK_INCREMENT_TICK,4404,4432546,,,,4405,-
traceQUEUE_SEND,4405,4432897,3ffbd2a0,3ffbd6cc,,,trace_lg
traceQUEUE_SEND,4405,4432904,3ffbd2a0,3ffb68d4,,,trace_lg
traceTASK_INCREMENT_TICK,4405,4433546,,,,4406,-
traceTASK_INCREMENT_TICK,4406,4434546,,,,4407,-
traceTASK_INCREMENT_TICK,4407,4435546,,,,4408,-
traceQUEUE_SEND,4408,4435588,3ffbd2a0,3ffbd6cc,,,trace_lg
traceQUEUE_SEND,4408,4435595,3ffbd2a0,3ffb68d4,,,trace_lg
traceTASK_INCREMENT_TICK,4408,4436546,,,,4409,-
traceTASK_SWITCHED_OUT,4409,4436551,3ffbd2a0,,,,trace_lg
traceTASK_SWITCHED_IN,4409,4436588,3ffbd2a0,,,,trace_lg
traceTASK_INCREMENT_TICK,4409,4437546,,,,4410,-
traceQUEUE_SEND,4410,4438279,3ffbd2a0,3ffbd6cc,,,trace_lg
traceQUEUE_SEND,4410,4438286,3ffbd2a0,3ffb68d4,,,trace_lg
traceTASK_INCREMENT_TICK,4410,4438546,,,,4411,-
traceTASK_INCREMENT_TICK,4411,4439546,,,,4412,-
traceTASK_INCREMENT_TICK,4412,4440546,,,,4413,-
traceTASK_SWITCHED_OUT,4413,4440550,3ffbd2a0,,,,trace_lg
traceTASK_SWITCHED_IN,4413,4440588,3ffbd2a0,,,,trace_lg
traceQUEUE_SEND,4413,4440970,3ffbd2a0,3ffbd6cc,,,trace_lg
traceQUEUE_SEND,4413,4440977,3ffbd2a0,3ffb68d4,,,trace_lg
traceTASK_INCREMENT_TICK,4413,4441546,,,,4414,-
traceTASK_INCREMENT_TICK,4414,4442546,,,,4415,-
traceTASK_INCREMENT_TICK,4415,4443546,,,,4416,-
traceQUEUE_SEND,4416,4443661,3ffbd2a0,3ffbd6cc,,,trace_lg
traceQUEUE_SEND,4416,4443668,3ffbd2a0,3ffb68d4,,,trace_lg
traceTASK_INCREMENT_TICK,4416,4444546,,,,4417,-
traceTASK_INCREMENT_TICK,4417,4445546,,,,4418,-
traceTASK_INCREMENT_TICK,4418,4446546,,,,4419,-
traceTASK_INCREMENT_TICK,4419,4447546,,,,4420,-
traceQUEUE_SEND,4420,4448175,3ffbd2a0,3ffbd6cc,,,trace_lg
traceQUEUE_SEND,4420,4448182,3ffbd2a0,3ffb68d4,,,trace_lg
traceTASK_INCREMENT_TICK,4420,4448546,,,,4421,-
traceTASK_INCREMENT_TICK,4421,4449546,,,,4422,-
traceTASK_INCREMENT_TICK,4422,4450546,,,,4423,-
traceTASK_INCREMENT_TICK,4423,4451546,,,,4424,-
traceTASK_INCREMENT_TICK,4424,4452546,,,,4425,-
traceQUEUE_SEND,4425,4452689,3ffbd2a0,3ffbd6cc,,,trace_lg
traceQUEUE_SEND,4425,4452696,3ffbd2a0,3ffb68d4,,,trace_lg
traceTASK_INCREMENT_TICK,4425,4453546,,,,4426,-
traceQUEUE_SEND,4721,4749481,3ffbd2a0,3ffb68d4,,,trace_lg
traceTASK_INCREMENT_TICK,4721,4749546,,,,4722,-
traceTASK_INCREMENT_TICK,4722,4750546,,,,4723,-
traceTASK_INCREMENT_TICK,4723,4751546,,,,4724,-
traceTASK_INCREMENT_TICK,4724,4752546,,,,4725,-
traceTASK_INCREMENT_TICK,4725,4753546,,,,4726,-
traceQUEUE_SEND,4726,4753988,3ffbd2a0,3ffbd6cc,,,trace_lg
traceQUEUE_SEND,4726,4753995,3ffbd2a0,3ffb68d4,,,trace_lg
traceTASK_INCREMENT_TICK,4726,4754546,,,,4727,-
traceTASK_INCREMENT_TICK,4727,4755546,,,,4728,-
traceTASK_INCREMENT_TICK,4728,4756546,,,,4729,-
traceQUEUE_SEND,4729,4756678,3ffbd2a0,3ffbd6cc,,,trace_lg
traceQUEUE_SEND,4729,4756686,3ffbd2a0,3ffb68d4,,,trace_lg
traceTASK_INCREMENT_TICK,4729,4757546,,,,4730,-
traceTASK_INCREMENT_TICK,4730,4758546,,,,4731,-
