event_type,tick,timestamp_us,task_handle,queue_handle,block_time,new_tick,name
TRACE_LOG_QUEUE_SEND,2017,2044597,3ffbd2a0,3ffbd6cc,,,trace_lg
TRACE_LOG_QUEUE_SEND,2017,2044650,3ffbd2a0,3ffbd6cc,,,trace_lg
TRACE_LOG_QUEUE_SEND,2017,2044658,3ffbd2a0,3ffb68d4,,,trace_lg
TRACE_LOG_QUEUE_SEND,2017,2044818,3ffbd2a0,3ffbd6cc,,,trace_lg
TRACE_LOG_QUEUE_SEND,2017,2044825,3ffbd2a0,3ffb68d4,,,trace_lg
TRACE_LOG_TASK_INCREMENT_TICK,2017,2045546,,,,2018,-
TRACE_LOG_TASK_INCREMENT_TICK,2018,2046546,,,,2019,-
TRACE_LOG_QUEUE_SEND,2019,2046810,3ffbd2a0,3ffbd6cc,,,trace_lg
TRACE_LOG_QUEUE_SEND,2019,2046817,3ffbd2a0,3ffb68d4,,,trace_lg
TRACE_LOG_TASK_INCREMENT_TICK,2019,2047546,,,,2020,-
TRACE_LOG_TASK_INCREMENT_TICK,2020,2048546,,,,2021,-
TRACE_LOG_TASK_INCREMENT_TICK,2021,2049546,,,,2022,-
TRACE_LOG_TASK_INCREMENT_TICK,2022,2050546,,,,2023,-
TRACE_LOG_QUEUE_SEND,2023,2051324,3ffbd2a0,3ffbd6cc,,,trace_lg
TRACE_LOG_QUEUE_SEND,2023,2051331,3ffbd2a0,3ffb68d4,,,trace_lg
TRACE_LOG_TASK_INCREMENT_TICK,2023,2051546,,,,2024,-
TRACE_LOG_TASK_INCREMENT_TICK,2024,2052546,,,,2025,-
TRACE_LOG_TASK_INCREMENT_TICK,2025,2053546,,,,2026,-
TRACE_LOG_TASK_INCREMENT_TICK,2026,2054546,,,,2027,-
TRACE_LOG_TASK_INCREMENT_TICK,2027,2055546,,,,2028,-
TRACE_LOG_QUEUE_SEND,2028,2055838,3ffbd2a0,3ffbd6cc,,,trace_lg
TRACE_LOG_QUEUE_SEND,2028,2055845,3ffbd2a0,3ffb68d4,,,trace_lg
TRACE_LOG_TASK_INCREMENT_TICK,2028,2056546,,,,2029,-
TRACE_LOG_TASK_INCREMENT_TICK,2029,2057546,,,,2030,-
TRACE_LOG_TASK_INCREMENT_TICK,2030,2058546,,,,2031,-
TRACE_LOG_TASK_INCREMENT_TICK,2031,2059546,,,,2032,-
TRACE_LOG_QUEUE_SEND,2032,2060352,3ffbd2a0,3ffbd6cc,,,trace_lg
TRACE_LOG_QUEUE_SEND,2032,2060359,3ffbd2a0,3ffb68d4,,,trace_lg
TRACE_LOG_TASK_INCREMENT_TICK,2032,2060546,,,,2033,-
TRACE_LOG_TASK_INCREMENT_TICK,2033,2061546,,,,2034,-
TRACE_LOG_TASK_INCREMENT_TICK,2034,2062546,,,,2035,-
TRACE_LOG_QUEUE_SEND,2035,2063042,3ffbd2a0,3ffbd6cc,,,trace_lg
TRACE_LOG_QUEUE_SEND,2035,2063050,3ffbd2a0,3ffb68d4,,,trace_lg
TRACE_LOG_TASK_INCREMENT_TICK,2035,2063546,,,,2036,-
TRACE_LOG_TASK_INCREMENT_TICK,2036,2064546,,,,2037,-
TRACE_LOG_TASK_INCREMENT_TICK,2037,2065546,,,,2038,-
TRACE_LOG_QUEUE_SEND,2038,2065733,3ffbd2a0,3ffbd6cc,,,trace_lg
TRACE_LOG_QUEUE_SEND,2038,2065741,3ffbd2a0,3ffb68d4,,,trace_lg
TRACE_LOG_TASK_INCREMENT_TICK,2038,2066546,,,,2039,-
TRACE_LOG_TASK_INCREMENT_TICK,2039,2067546,,,,2040,-
TRACE_LOG_TASK_INCREMENT_TICK,2040,2068546,,,,2041,-
TRACE_LOG_TASK_INCREMENT_TICK,2041,2069546,,,,2042,-
TRACE_LOG_QUEUE_SEND,2042,2070247,3ffbd2a0,3ffbd6cc,,,trace_lg
TRACE_LOG_QUEUE_SEND,2042,2070255,3ffbd2a0,3ffb68d4,,,trace_lg
TRACE_LOG_TASK_INCREMENT_TICK,2042,2070546,,,,2043,-
TRACE_LOG_TASK_INCREMENT_TICK,2043,2071546,,,,2044,-
TRACE_LOG_TASK_INCREMENT_TICK,2044,2072546,,,,2045,-
TRACE_LOG_TASK_INCREMENT_TICK,2045,2073546,,,,2046,-
TRACE_LOG_TASK_INCREMENT_TICK,2046,2074546,,,,2047,-
TRACE_LOG_QUEUE_SEND,2047,2074761,3ffbd2a0,3ffbd6cc,,,trace_lg
TRACE_LOG_QUEUE_SEND,2047,2074769,3ffbd2a0,3ffb68d4,,,trace_lg
TRACE_LOG_TASK_INCREMENT_TICK,2047,2075546,,,,2048,-
TRACE_LOG_TASK_INCREMENT_TICK,2048,2076546,,,,2049,-
TRACE_LOG_QUEUE_SEND,2049,2077452,3ffbd2a0,3ffbd6cc,,,trace_lg
TRACE_LOG_QUEUE_SEND,2049,2077459,3ffbd2a0,3ffb68d4,,,trace_lg
TRACE_LOG_TASK_INCREMENT_TICK,2049,2077546,,,,2050,-
TRACE_LOG_TASK_INCREMENT_TICK,2050,2078546,,,,2051,-
TRACE_LOG_TASK_INCREMENT_TICK,2051,2079546,,,,2052,-
TRACE_LOG_QUEUE_SEND,2052,2080143,3ffbd2a0,3ffbd6cc,,,trace_lg
TRACE_LOG_QUEUE_SEND,2052,2080150,3ffbd2a0,3ffb68d4,,,trace_lg
TRACE_LOG_TASK_INCREMENT_TICK,2052,2080546,,,,2053,-
TRACE_LOG_TASK_INCREMENT_TICK,2053,2081546,,,,2054,-
TRACE_LOG_TASK_INCREMENT_TICK,2054,2082546,,,,2055,-
TRACE_LOG_QUEUE_SEND,2055,2082834,3ffbd2a0,3ffbd6cc,,,trace_lg
TRACE_LOG_QUEUE_SEND,2055,2082841,3ffbd2a0,3ffb68d4,,,trace_lg
TRACE_LOG_TASK_INCREMENT_TICK,2055,2083546,,,,2056,-
TRACE_LOG_TASK_INCREMENT_TICK,2056,2084546,,,,2057,-
TRACE_LOG_QUEUE_SEND,2057,2085525,3ffbd2a0,3ffbd6cc,,,trace_lg
TRACE_LOG_QUEUE_SEND,2057,2085532,3ffbd2a0,3ffb68d4,,,trace_lg
TRACE_LOG_TASK_INCREMENT_TICK,2057,2085546,,,,2058,-
TRACE_LOG_TASK_INCREMENT_TICK,2058,2086546,,,,2059,-
TRACE_LOG_TASK_INCREMENT_TICK,2059,2087546,,,,2060,-
TRACE_LOG_TASK_INCREMENT_TICK,2060,2088546,,,,2061,-
TRACE_LOG_TASK_INCREMENT_TICK,2061,2089546,,,,2062,-
TRACE_LOG_QUEUE_SEND,2062,2090039,3ffbd2a0,3ffbd6cc,,,trace_lg
TRACE_LOG_QUEUE_SEND,2062,2090046,3ffbd2a0,3ffb68d4,,,trace_lg
TRACE_LOG_TASK_INCREMENT_TICK,2062,2090546,,,,2063,-
TRACE_LOG_TASK_INCREMENT_TICK,2063,2091546,,,,2064,-
TRACE_LOG_TASK_INCREMENT_TICK,2064,2092546,,,,2065,-
TRACE_LOG_TASK_INCREMENT_TICK,2065,2093546,,,,2066,-
TRACE_LOG_TASK_INCREMENT_TICK,2066,2094546,,,,2067,-
TRACE_LOG_QUEUE_SEND,2067,2094553,3ffbd2a0,3ffbd6cc,,,trace_lg
TRACE_LOG_QUEUE_SEND,2067,2094560,3ffbd2a0,3ffb68d4,,,trace_lg
TRACE_LOG_TASK_INCREMENT_TICK,2067,2095546,,,,2068,-
TRACE_LOG_TASK_INCREMENT_TICK,2068,2096546,,,,2069,-
TRACE_LOG_QUEUE_SEND,2069,2097243,3ffbd2a0,3ffbd6cc,,,trace_lg
TRACE_LOG_QUEUE_SEND,2069,2097251,3ffbd2a0,3ffb68d4,,,trace_lg
TRACE_LOG_TASK_INCREMENT_TICK,2069,2097546,,,,2070,-
TRACE_LOG_TASK_INCREMENT_TICK,2070,2098546,,,,2071,-
TRACE_LOG_TASK_INCREMENT_TICK,2071,2099546,,,,2072,-
TRACE_LOG_QUEUE_SEND,2072,2099934,3ffbd2a0,3ffbd6cc,,,trace_lg
TRACE_LOG_QUEUE_SEND,2072,2099942,3ffbd2a0,3ffb68d4,,,trace_lg
TRACE_LOG_TASK_INCREMENT_TICK,2072,2100546,,,,2073,-
TRACE_LOG_TASK_INCREMENT_TICK,2073,2101546,,,,2074,-
TRACE_LOG_TASK_INCREMENT_TICK,2074,2102546,,,,2075,-
TRACE_LOG_QUEUE_SEND,2075,2102626,3ffbd2a0,3ffbd6cc,,,trace_lg
TRACE_LOG_QUEUE_SEND,2075,2102633,3ffbd2a0,3ffb68d4,,,trace_lg
TRACE_LOG_TASK_INCREMENT_TICK,2075,2103546,,,,2076,-
TRACE_LOG_TASK_INCREMENT_TICK,2076,2104546,,,,2077,-
TRACE_LOG_QUEUE_SEND,2077,2105316,3ffbd2a0,3ffbd6cc,,,trace_lg
TRACE_LOG_QUEUE_SEND,2077,2105324,3ffbd2a0,3ffb68d4,,,trace_lg
TRACE_LOG_TASK_INCREMENT_TICK,2077,2105546,,,,2078,-
TRACE_LOG_TASK_INCREMENT_TICK,2078,2106546,,,,2079,-
TRACE_LOG_TASK_INCREMENT_TICK,2079,2107546,,,,2080,-
TRACE_LOG_QUEUE_SEND,2080,2108007,3ffbd2a0,3ffbd6cc,,,trace_lg
TRACE_LOG_QUEUE_SEND,2080,2108015,3ffbd2a0,3ffb68d4,,,trace_lg
TRACE_LOG_QUEUE_SEND,2373,2401414,3ffbd2a0,3ffb68d4,,,trace_lg
TRACE_LOG_TASK_INCREMENT_TICK,2373,2401546,,,,2374,-
TRACE_LOG_TASK_INCREMENT_TICK,2374,2402546,,,,2375,-
TRACE_LOG_TASK_INCREMENT_TICK,2375,2403546,,,,2376,-
TRACE_LOG_TASK_INCREMENT_TICK,2376,2404546,,,,2377,-
TRACE_LOG_TASK_INCREMENT_TICK,2377,2405546,,,,2378,-
TRACE_LOG_QUEUE_SEND,2378,2405921,3ffbd2a0,3ffbd6cc,,,trace_lg
TRACE_LOG_QUEUE_SEND,2378,2405928,3ffbd2a0,3ffb68d4,,,trace_lg
TRACE_LOG_TASK_INCREMENT_TICK,2378,2406546,,,,2379,-
TRACE_LOG_TASK_INCREMENT_TICK,2379,2407546,,,,2380,-
TRACE_LOG_TASK_INCREMENT_TICK,2380,2408546,,,,2381,-
TRACE_LOG_QUEUE_SEND,2381,2408612,3ffbd2a0,3ffbd6cc,,,trace_lg
TRACE_LOG_QUEUE_SEND,2381,2408619,3ffbd2a0,3ffb68d4,,,trace_lg
TRACE_LOG_TASK_INCREMENT_TICK,2381,2409546,,,,2382,-
TRACE_LOG_TASK_INCREMENT_TICK,2382,2410546,,,,2383,-
TRACE_LOG_QUEUE_SEND,2383,2411303,3ffbd2a0,3ffbd6cc,,,trace_lg
TRACE_LOG_QUEUE_SEND,2383,2411310,3ffbd2a0,3ffb68d4,,,trace_lg
TRACE_LOG_TASK_INCREMENT_TICK,2383,2411546,,,,2384,-
TRACE_LOG_TASK_INCREMENT_TICK,2384,2412546,,,,2385,-
TRACE_LOG_TASK_INCREMENT_TICK,2385,2413546,,,,2386,-
TRACE_LOG_QUEUE_SEND,2386,2413994,3ffbd2a0,3ffbd6cc,,,trace_lg
TRACE_LOG_QUEUE_SEND,2386,2414001,3ffbd2a0,3ffb68d4,,,trace_lg
TRACE_LOG_TASK_INCREMENT_TICK,2386,2414546,,,,2387,-
TRACE_LOG_TASK_INCREMENT_TICK,2387,2415546,,,,2388,-
TRACE_LOG_TASK_INCREMENT_TICK,2388,2416546,,,,2389,-
TRACE_LOG_QUEUE_SEND,2389,2416685,3ffbd2a0,3ffbd6cc,,,trace_lg
TRACE_LOG_QUEUE_SEND,2389,2416692,3ffbd2a0,3ffb68d4,,,trace_lg
TRACE_LOG_TASK_INCREMENT_TICK,2389,2417546,,,,2390,-
TRACE_LOG_TASK_INCREMENT_TICK,2390,2418546,,,,2391,-
TRACE_LOG_QUEUE_SEND,2391,2419376,3ffbd2a0,3ffbd6cc,,,trace_lg
TRACE_LOG_QUEUE_SEND,2391,2419383,3ffbd2a0,3ffb68d4,,,trace_lg
TRACE_LOG_TASK_INCREMENT_TICK,2391,2419546,,,,2392,-
TRACE_LOG_TASK_INCREMENT_TICK,2392,2420546,,,,2393,-
TRACE_LOG_TASK_INCREMENT_TICK,2393,2421546,,,,2394,-
TRACE_LOG_TASK_INCREMENT_TICK,2394,2422546,,,,2395,-
TRACE_LOG_TASK_INCREMENT_TICK,2395,2423546,,,,2396,-
TRACE_LOG_QUEUE_SEND,2396,2423890,3ffbd2a0,3ffbd6cc,,,trace_lg
TRACE_LOG_QUEUE_SEND,2396,2423897,3ffbd2a0,3ffb68d4,,,trace_lg
TRACE_LOG_TASK_INCREMENT_TICK,2396,2424546,,,,2397,-
TRACE_LOG_TASK_INCREMENT_TICK,2397,2425546,,,,2398,-
TRACE_LOG_TASK_INCREMENT_TICK,2398,2426546,,,,2399,-
TRACE_LOG_TASK_INCREMENT_TICK,2399,2427546,,,,2400,-
TRACE_LOG_QUEUE_SEND,2400,2428403,3ffbd2a0,3ffbd6cc,,,trace_lg
TRACE_LOG_QUEUE_SEND,2400,2428411,3ffbd2a0,3ffb68d4,,,trace_lg
TRACE_LOG_TASK_INCREMENT_TICK,2400,2428546,,,,2401,-
TRACE_LOG_TASK_INCREMENT_TICK,2401,2429546,,,,2402,-
TRACE_LOG_TASK_INCREMENT_TICK,2402,2430546,,,,2403,-
TRACE_LOG_QUEUE_SEND,2403,2431094,3ffbd2a0,3ffbd6cc,,,trace_lg
TRACE_LOG_QUEUE_SEND,2403,2431102,3ffbd2a0,3ffb68d4,,,trace_lg
TRACE_LOG_TASK_INCREMENT_TICK,2403,2431546,,,,2404,-
TRACE_LOG_TASK_SWITCHED_OUT,2404,2431551,3ffbd2a0,,,,trace_lg
TRACE_LOG_TASK_SWITCHED_IN,2404,2431553,3ffbad08,,,,reciever
TRACE_LOG_QUEUE_RECEIVE,2404,2431557,3ffbad08,3ffbd72c,4294967295,,reciever
TRACE_LOG_TASK_DELAY_UNTIL,2404,2431560,3ffbad08,,,2504,reciever
TRACE_LOG_TASK_SWITCHED_OUT,2404,2431568,3ffbad08,,,,reciever
TRACE_LOG_TASK_SWITCHED_IN,2404,2431571,3ffbd2a0,,,,trace_lg
TRACE_LOG_TASK_INCREMENT_TICK,2404,2432546,,,,2405,-
TRACE_LOG_TASK_INCREMENT_TICK,2405,2433546,,,,2406,-
TRACE_LOG_QUEUE_SEND,2406,2433785,3ffbd2a0,3ffbd6cc,,,trace_lg
TRACE_LOG_QUEUE_SEND,2406,2433793,3ffbd2a0,3ffb68d4,,,trace_lg
TRACE_LOG_TASK_INCREMENT_TICK,2406,2434546,,,,2407,-
TRACE_LOG_TASK_INCREMENT_TICK,2407,2435546,,,,2408,-
TRACE_LOG_QUEUE_SEND,2408,2436476,3ffbd2a0,3ffbd6cc,,,trace_lg
TRACE_LOG_QUEUE_SEND,2408,2436484,3ffbd2a0,3ffb68d4,,,trace_lg
TRACE_LOG_TASK_INCREMENT_TICK,2408,2436546,,,,2409,-
TRACE_LOG_TASK_SWITCHED_OUT,2409,2436552,3ffbd2a0,,,,trace_lg
TRACE_LOG_TASK_SWITCHED_IN,2409,2436554,3ffbd13c,,,,sender 3
TRACE_LOG_QUEUE_SEND,2409,2436575,3ffbd13c,3ffbd72c,,,sender 3
TRACE_LOG_TASK_DELAY_UNTIL,2409,2436578,3ffbd13c,,,2709,sender 3
TRACE_LOG_TASK_SWITCHED_OUT,2409,2436586,3ffbd13c,,,,sender 3
TRACE_LOG_TASK_SWITCHED_IN,2409,2436589,3ffbcfd8,,,,sender 2
TRACE_LOG_QUEUE_SEND_FAILED,2409,2436610,3ffbcfd8,3ffbd72c,,,sender 2
TRACE_LOG_TASK_DELAY_UNTIL,2409,2436613,3ffbcfd8,,,2609,sender 2
TRACE_LOG_TASK_SWITCHED_OUT,2409,2436621,3ffbcfd8,,,,sender 2
TRACE_LOG_TASK_SWITCHED_IN,2409,2436623,3ffbd2a0,,,,trace_lg
TRACE_LOG_TASK_INCREMENT_TICK,2409,2437546,,,,2410,-
TRACE_LOG_TASK_INCREMENT_TICK,2410,2438546,,,,2411,-
TRACE_LOG_TASK_INCREMENT_TICK,2411,2439546,,,,2412,-
TRACE_LOG_TASK_INCREMENT_TICK,2412,2440546,,,,2413,-
TRACE_LOG_TASK_SWITCHED_OUT,2413,2440550,3ffbd2a0,,,,trace_lg
TRACE_LOG_TASK_SWITCHED_IN,2413,2440553,3ffbbe70,,,,sender 1
TRACE_LOG_QUEUE_SEND_FAILED,2413,2440574,3ffbbe70,3ffbd72c,,,sender 1
TRACE_LOG_TASK_DELAY_UNTIL,2413,2440577,3ffbbe70,,,2513,sender 1
TRACE_LOG_TASK_SWITCHED_OUT,2413,2440585,3ffbbe70,,,,sender 1
TRACE_LOG_TASK_SWITCHED_IN,2413,2440587,3ffbd2a0,,,,trace_lg
TRACE_LOG_QUEUE_SEND,2413,2440990,3ffbd2a0,3ffbd6cc,,,trace_lg
TRACE_LOG_QUEUE_SEND,2413,2440997,3ffbd2a0,3ffb68d4,,,trace_lg
TRACE_LOG_TASK_INCREMENT_TICK,2413,2441546,,,,2414,-
TRACE_LOG_TASK_INCREMENT_TICK,2414,2442546,,,,2415,-
TRACE_LOG_TASK_INCREMENT_TICK,2415,2443546,,,,2416,-
TRACE_LOG_TASK_INCREMENT_TICK,2416,2444546,,,,2417,-
TRACE_LOG_QUEUE_SEND,2417,2445504,3ffbd2a0,3ffbd6cc,,,trace_lg
TRACE_LOG_QUEUE_SEND,2417,2445511,3ffbd2a0,3ffb68d4,,,trace_lg
TRACE_LOG_TASK_INCREMENT_TICK,2417,2445546,,,,2418,-
TRACE_LOG_TASK_INCREMENT_TICK,2418,2446546,,,,2419,-
TRACE_LOG_TASK_INCREMENT_TICK,2419,2447546,,,,2420,-
TRACE_LOG_QUEUE_SEND,2420,2448195,3ffbd2a0,3ffbd6cc,,,trace_lg
TRACE_LOG_QUEUE_SEND,2420,2448202,3ffbd2a0,3ffb68d4,,,trace_lg
TRACE_LOG_TASK_INCREMENT_TICK,2718,2746546,,,,2719,-
TRACE_LOG_TASK_INCREMENT_TICK,2719,2747546,,,,2720,-
TRACE_LOG_QUEUE_SEND,2720,2747931,3ffbd2a0,3ffbd6cc,,,trace_lg
TRACE_LOG_QUEUE_SEND,2720,2747939,3ffbd2a0,3ffb68d4,,,trace_lg
TRACE_LOG_TASK_INCREMENT_TICK,2720,2748546,,,,2721,-
TRACE_LOG_TASK_INCREMENT_TICK,2721,2749546,,,,2722,-
TRACE_LOG_TASK_INCREMENT_TICK,2722,2750546,,,,2723,-
TRACE_LOG_QUEUE_SEND,2723,2750623,3ffbd2a0,3ffbd6cc,,,trace_lg
TRACE_LOG_QUEUE_SEND,2723,2750630,3ffbd2a0,3ffb68d4,,,trace_lg
TRACE_LOG_TASK_INCREMENT_TICK,2723,2751546,,,,2724,-
TRACE_LOG_TASK_INCREMENT_TICK,2724,2752546,,,,2725,-
TRACE_LOG_QUEUE_SEND,2725,2753313,3ffbd2a0,3ffbd6cc,,,trace_lg
TRACE_LOG_QUEUE_SEND,2725,2753321,3ffbd2a0,3ffb68d4,,,trace_lg
TRACE_LOG_TASK_INCREMENT_TICK,2725,2753546,,,,2726,-
TRACE_LOG_TASK_INCREMENT_TICK,2726,2754546,,,,2727,-
TRACE_LOG_TASK_INCREMENT_TICK,2727,2755546,,,,2728,-
TRACE_LOG_TASK_INCREMENT_TICK,2728,2756546,,,,2729,-
TRACE_LOG_TASK_INCREMENT_TICK,2729,2757546,,,,2730,-
TRACE_LOG_QUEUE_SEND,2730,2757827,3ffbd2a0,3ffbd6cc,,,trace_lg
TRACE_LOG_QUEUE_SEND,2730,2757834,3ffbd2a0,3ffb68d4,,,trace_lg
TRACE_LOG_TASK_INCREMENT_TICK,2730,2758546,,,,2731,-
TRACE_LOG_TASK_INCREMENT_TICK,2731,2759546,,,,2732,-
TRACE_LOG_TASK_INCREMENT_TICK,2732,2760546,,,,2733,-
TRACE_LOG_TASK_INCREMENT_TICK,2733,2761546,,,,2734,-
TRACE_LOG_QUEUE_SEND,2734,2762341,3ffbd2a0,3ffbd6cc,,,trace_lg
TRACE_LOG_QUEUE_SEND,2734,2762348,3ffbd2a0,3ffb68d4,,,trace_lg
TRACE_LOG_TASK_INCREMENT_TICK,2734,2762546,,,,2735,-
TRACE_LOG_TASK_INCREMENT_TICK,2735,2763546,,,,2736,-
TRACE_LOG_TASK_INCREMENT_TICK,2736,2764546,,,,2737,-
TRACE_LOG_QUEUE_SEND,2737,2765032,3ffbd2a0,3ffbd6cc,,,trace_lg
TRACE_LOG_QUEUE_SEND,2737,2765039,3ffbd2a0,3ffb68d4,,,trace_lg
TRACE_LOG_TASK_INCREMENT_TICK,2737,2765546,,,,2738,-
TRACE_LOG_TASK_INCREMENT_TICK,2738,2766546,,,,2739,-
TRACE_LOG_TASK_INCREMENT_TICK,2739,2767546,,,,2740,-
TRACE_LOG_QUEUE_SEND,2740,2767723,3ffbd2a0,3ffbd6cc,,,trace_lg
TRACE_LOG_QUEUE_SEND,2740,2767730,3ffbd2a0,3ffb68d4,,,trace_lg
TRACE_LOG_TASK_INCREMENT_TICK,2740,2768546,,,,2741,-
TRACE_LOG_TASK_INCREMENT_TICK,2741,2769546,,,,2742,-
TRACE_LOG_QUEUE_SEND,2742,2770414,3ffbd2a0,3ffbd6cc,,,trace_lg
TRACE_LOG_QUEUE_SEND,2742,2770421,3ffbd2a0,3ffb68d4,,,trace_lg
TRACE_LOG_TASK_INCREMENT_TICK,2742,2770546,,,,2743,-
TRACE_LOG_TASK_INCREMENT_TICK,2743,2771546,,,,2744,-
TRACE_LOG_TASK_INCREMENT_TICK,2744,2772546,,,,2745,-
TRACE_LOG_TASK_INCREMENT_TICK,2745,2773546,,,,2746,-
TRACE_LOG_TASK_INCREMENT_TICK,2746,2774546,,,,2747,-
TRACE_LOG_QUEUE_SEND,2747,2774928,3ffbd2a0,3ffbd6cc,,,trace_lg
TRACE_LOG_QUEUE_SEND,2747,2774935,3ffbd2a0,3ffb68d4,,,trace_lg
TRACE_LOG_TASK_INCREMENT_TICK,2747,2775546,,,,2748,-
TRACE_LOG_TASK_INCREMENT_TICK,2748,2776546,,,,2749,-
TRACE_LOG_TASK_INCREMENT_TICK,2749,2777546,,,,2750,-
TRACE_LOG_TASK_INCREMENT_TICK,2750,2778546,,,,2751,-
TRACE_LOG_QUEUE_SEND,2751,2779442,3ffbd2a0,3ffbd6cc,,,trace_lg
TRACE_LOG_QUEUE_SEND,2751,2779449,3ffbd2a0,3ffb68d4,,,trace_lg
TRACE_LOG_TASK_INCREMENT_TICK,2751,2779546,,,,2752,-
TRACE_LOG_TASK_INCREMENT_TICK,2752,2780546,,,,2753,-
TRACE_LOG_TASK_INCREMENT_TICK,2753,2781546,,,,2754,-
TRACE_LOG_QUEUE_SEND,2754,2782133,3ffbd2a0,3ffbd6cc,,,trace_lg
TRACE_LOG_QUEUE_SEND,2754,2782140,3ffbd2a0,3ffb68d4,,,trace_lg
TRACE_LOG_TASK_INCREMENT_TICK,2754,2782546,,,,2755,-
TRACE_LOG_TASK_INCREMENT_TICK,2755,2783546,,,,2756,-
TRACE_LOG_TASK_INCREMENT_TICK,2756,2784546,,,,2757,-
TRACE_LOG_QUEUE_SEND,2757,2784824,3ffbd2a0,3ffbd6cc,,,trace_lg
TRACE_LOG_QUEUE_SEND,2757,2784831,3ffbd2a0,3ffb68d4,,,trace_lg
TRACE_LOG_TASK_INCREMENT_TICK,2757,2785546,,,,2758,-
TRACE_LOG_TASK_INCREMENT_TICK,2758,2786546,,,,2759,-
TRACE_LOG_TASK_INCREMENT_TICK,2759,2787546,,,,2760,-
TRACE_LOG_TASK_INCREMENT_TICK,2760,2788546,,,,2761,-
TRACE_LOG_QUEUE_SEND,2761,2789337,3ffbd2a0,3ffbd6cc,,,trace_lg
TRACE_LOG_QUEUE_SEND,2761,2789345,3ffbd2a0,3ffb68d4,,,trace_lg
TRACE_LOG_TASK_INCREMENT_TICK,2761,2789546,,,,2762,-
TRACE_LOG_TASK_INCREMENT_TICK,2762,2790546,,,,2763,-
TRACE_LOG_TASK_INCREMENT_TICK,2763,2791546,,,,2764,-
TRACE_LOG_TASK_INCREMENT_TICK,2764,2792546,,,,2765,-
TRACE_LOG_TASK_INCREMENT_TICK,2765,2793546,,,,2766,-
TRACE_LOG_QUEUE_SEND,2766,2793851,3ffbd2a0,3ffbd6cc,,,trace_lg
TRACE_LOG_QUEUE_SEND,2766,2793858,3ffbd2a0,3ffb68d4,,,trace_lg
TRACE_LOG_TASK_INCREMENT_TICK,2766,2794546,,,,2767,-
TRACE_LOG_TASK_INCREMENT_TICK,2767,2795546,,,,2768,-
TRACE_LOG_QUEUE_SEND,2768,2796542,3ffbd2a0,3ffbd6cc,,,trace_lg
TRACE_LOG_TASK_INCREMENT_TICK,2768,2796548,,,,2769,-
TRACE_LOG_QUEUE_SEND,2769,2796556,3ffbd2a0,3ffb68d4,,,trace_lg
TRACE_LOG_TASK_INCREMENT_TICK,2769,2797546,,,,2770,-
TRACE_LOG_TASK_INCREMENT_TICK,2770,2798546,,,,2771,-
TRACE_LOG_QUEUE_SEND,2771,2799233,3ffbd2a0,3ffbd6cc,,,trace_lg
TRACE_LOG_QUEUE_SEND,2771,2799240,3ffbd2a0,3ffb68d4,,,trace_lg
TRACE_LOG_TASK_INCREMENT_TICK,2771,2799546,,,,2772,-
TRACE_LOG_TASK_INCREMENT_TICK,2772,2800546,,,,2773,-
TRACE_LOG_TASK_INCREMENT_TICK,2773,2801546,,,,2774,-
TRACE_LOG_QUEUE_SEND,2774,2801924,3ffbd2a0,3ffbd6cc,,,trace_lg
TRACE_LOG_QUEUE_SEND,2774,2801931,3ffbd2a0,3ffb68d4,,,trace_lg
TRACE_LOG_TASK_INCREMENT_TICK,2774,2802546,,,,2775,-
TRACE_LOG_TASK_INCREMENT_TICK,2775,2803546,,,,2776,-
TRACE_LOG_TASK_INCREMENT_TICK,2776,2804546,,,,2777,-
TRACE_LOG_QUEUE_SEND,2777,2804615,3ffbd2a0,3ffbd6cc,,,trace_lg
TRACE_LOG_QUEUE_SEND,2777,2804622,3ffbd2a0,3ffb68d4,,,trace_lg
TRACE_LOG_TASK_INCREMENT_TICK,2777,2805546,,,,2778,-
TRACE_LOG_TASK_INCREMENT_TICK,2778,2806546,,,,2779,-
TRACE_LOG_QUEUE_SEND,2779,2807306,3ffbd2a0,3ffbd6cc,,,trace_lg
TRACE_LOG_QUEUE_SEND,2779,2807313,3ffbd2a0,3ffb68d4,,,trace_lg
TRACE_LOG_TASK_INCREMENT_TICK,2779,2807546,,,,2780,-
TRACE_LOG_TASK_INCREMENT_TICK,2780,2808546,,,,2781,-
TRACE_LOG_TASK_INCREMENT_TICK,2781,2809546,,,,2782,-
TRACE_LOG_TASK_INCREMENT_TICK,2782,2810546,,,,2783,-
TRACE_LOG_TASK_INCREMENT_TICK,2783,2811546,,,,2784,-
TRACE_LOG_QUEUE_SEND,2784,2811820,3ffbd2a0,3ffbd6cc,,,trace_lg
TRACE_LOG_TASK_INCREMENT_TICK,3073,3101546,,,,3074,-
TRACE_LOG_QUEUE_SEND,3074,3101574,3ffbd2a0,3ffbd6cc,,,trace_lg
TRACE_LOG_QUEUE_SEND,3074,3101581,3ffbd2a0,3ffb68d4,,,trace_lg
TRACE_LOG_TASK_INCREMENT_TICK,3074,3102546,,,,3075,-
TRACE_LOG_TASK_INCREMENT_TICK,3075,3103546,,,,3076,-
TRACE_LOG_QUEUE_SEND,3076,3104265,3ffbd2a0,3ffbd6cc,,,trace_lg
TRACE_LOG_QUEUE_SEND,3076,3104272,3ffbd2a0,3ffb68d4,,,trace_lg
TRACE_LOG_TASK_INCREMENT_TICK,3076,3104546,,,,3077,-
TRACE_LOG_TASK_INCREMENT_TICK,3077,3105546,,,,3078,-
TRACE_LOG_TASK_INCREMENT_TICK,3078,3106546,,,,3079,-
TRACE_LOG_TASK_INCREMENT_TICK,3079,3107546,,,,3080,-
TRACE_LOG_TASK_INCREMENT_TICK,3080,3108546,,,,3081,-
TRACE_LOG_QUEUE_SEND,3081,3108779,3ffbd2a0,3ffbd6cc,,,trace_lg
TRACE_LOG_QUEUE_SEND,3081,3108786,3ffbd2a0,3ffb68d4,,,trace_lg
TRACE_LOG_TASK_INCREMENT_TICK,3081,3109546,,,,3082,-
TRACE_LOG_TASK_INCREMENT_TICK,3082,3110546,,,,3083,-
TRACE_LOG_TASK_INCREMENT_TICK,3083,3111546,,,,3084,-
TRACE_LOG_TASK_INCREMENT_TICK,3084,3112546,,,,3085,-
TRACE_LOG_QUEUE_SEND,3085,3113292,3ffbd2a0,3ffbd6cc,,,trace_lg
TRACE_LOG_QUEUE_SEND,3085,3113300,3ffbd2a0,3ffb68d4,,,trace_lg
TRACE_LOG_TASK_INCREMENT_TICK,3085,3113546,,,,3086,-
TRACE_LOG_TASK_INCREMENT_TICK,3086,3114546,,,,3087,-
TRACE_LOG_TASK_INCREMENT_TICK,3087,3115546,,,,3088,-
TRACE_LOG_QUEUE_SEND,3088,3115983,3ffbd2a0,3ffbd6cc,,,trace_lg
TRACE_LOG_QUEUE_SEND,3088,3115991,3ffbd2a0,3ffb68d4,,,trace_lg
TRACE_LOG_TASK_INCREMENT_TICK,3088,3116546,,,,3089,-
TRACE_LOG_TASK_INCREMENT_TICK,3089,3117546,,,,3090,-
TRACE_LOG_TASK_INCREMENT_TICK,3090,3118546,,,,3091,-
TRACE_LOG_QUEUE_SEND,3091,3118674,3ffbd2a0,3ffbd6cc,,,trace_lg
TRACE_LOG_QUEUE_SEND,3091,3118682,3ffbd2a0,3ffb68d4,,,trace_lg
TRACE_LOG_TASK_INCREMENT_TICK,3091,3119546,,,,3092,-
TRACE_LOG_TASK_INCREMENT_TICK,3092,3120546,,,,3093,-
TRACE_LOG_TASK_INCREMENT_TICK,3093,3121546,,,,3094,-
TRACE_LOG_TASK_INCREMENT_TICK,3094,3122546,,,,3095,-
TRACE_LOG_QUEUE_SEND,3095,3123188,3ffbd2a0,3ffbd6cc,,,trace_lg
TRACE_LOG_QUEUE_SEND,3095,3123196,3ffbd2a0,3ffb68d4,,,trace_lg
TRACE_LOG_TASK_INCREMENT_TICK,3095,3123546,,,,3096,-
TRACE_LOG_TASK_INCREMENT_TICK,3096,3124546,,,,3097,-
TRACE_LOG_TASK_INCREMENT_TICK,3097,3125546,,,,3098,-
TRACE_LOG_TASK_INCREMENT_TICK,3098,3126546,,,,3099,-
TRACE_LOG_TASK_INCREMENT_TICK,3099,3127546,,,,3100,-
TRACE_LOG_QUEUE_SEND,3100,3127702,3ffbd2a0,3ffbd6cc,,,trace_lg
TRACE_LOG_QUEUE_SEND,3100,3127709,3ffbd2a0,3ffb68d4,,,trace_lg
TRACE_LOG_TASK_INCREMENT_TICK,3100,3128546,,,,3101,-
TRACE_LOG_TASK_INCREMENT_TICK,3101,3129546,,,,3102,-
TRACE_LOG_QUEUE_SEND,3102,3130393,3ffbd2a0,3ffbd6cc,,,trace_lg
TRACE_LOG_QUEUE_SEND,3102,3130400,3ffbd2a0,3ffb68d4,,,trace_lg
TRACE_LOG_TASK_INCREMENT_TICK,3102,3130546,,,,3103,-
TRACE_LOG_TASK_INCREMENT_TICK,3103,3131546,,,,3104,-
TRACE_LOG_TASK_SWITCHED_OUT,3104,3131550,3ffbd2a0,,,,trace_lg
TRACE_LOG_TASK_SWITCHED_IN,3104,3131553,3ffbad08,,,,reciever
TRACE_LOG_QUEUE_RECEIVE,3104,3131557,3ffbad08,3ffbd72c,4294967295,,reciever
TRACE_LOG_TASK_DELAY_UNTIL,3104,3131560,3ffbad08,,,3204,reciever
TRACE_LOG_TASK_SWITCHED_OUT,3104,3131568,3ffbad08,,,,reciever
TRACE_LOG_TASK_SWITCHED_IN,3104,3131571,3ffbd2a0,,,,trace_lg
TRACE_LOG_TASK_INCREMENT_TICK,3104,3132546,,,,3105,-
TRACE_LOG_QUEUE_SEND,3105,3133084,3ffbd2a0,3ffbd6cc,,,trace_lg
TRACE_LOG_QUEUE_SEND,3105,3133091,3ffbd2a0,3ffb68d4,,,trace_lg
TRACE_LOG_TASK_INCREMENT_TICK,3105,3133546,,,,3106,-
TRACE_LOG_TASK_INCREMENT_TICK,3106,3134546,,,,3107,-
TRACE_LOG_TASK_INCREMENT_TICK,3107,3135546,,,,3108,-
TRACE_LOG_QUEUE_SEND,3108,3135775,3ffbd2a0,3ffbd6cc,,,trace_lg
TRACE_LOG_QUEUE_SEND,3108,3135782,3ffbd2a0,3ffb68d4,,,trace_lg
TRACE_LOG_TASK_INCREMENT_TICK,3108,3136546,,,,3109,-
TRACE_LOG_TASK_INCREMENT_TICK,3109,3137546,,,,3110,-
TRACE_LOG_QUEUE_SEND,3110,3138466,3ffbd2a0,3ffbd6cc,,,trace_lg
TRACE_LOG_QUEUE_SEND,3110,3138473,3ffbd2a0,3ffb68d4,,,trace_lg
TRACE_LOG_TASK_INCREMENT_TICK,3110,3138546,,,,3111,-
TRACE_LOG_TASK_INCREMENT_TICK,3111,3139546,,,,3112,-
TRACE_LOG_TASK_INCREMENT_TICK,3112,3140546,,,,3113,-
TRACE_LOG_TASK_SWITCHED_OUT,3113,3140550,3ffbd2a0,,,,trace_lg
TRACE_LOG_TASK_SWITCHED_IN,3113,3140553,3ffbbe70,,,,sender 1
TRACE_LOG_QUEUE_SEND,3113,3140574,3ffbbe70,3ffbd72c,,,sender 1
TRACE_LOG_TASK_DELAY_UNTIL,3113,3140577,3ffbbe70,,,3213,sender 1
TRACE_LOG_TASK_SWITCHED_OUT,3113,3140585,3ffbbe70,,,,sender 1
TRACE_LOG_TASK_SWITCHED_IN,3113,3140588,3ffbd2a0,,,,trace_lg
TRACE_LOG_QUEUE_SEND,3113,3141157,3ffbd2a0,3ffbd6cc,,,trace_lg
TRACE_LOG_QUEUE_SEND,3113,3141164,3ffbd2a0,3ffb68d4,,,trace_lg
TRACE_LOG_TASK_INCREMENT_TICK,3113,3141546,,,,3114,-
TRACE_LOG_TASK_INCREMENT_TICK,3114,3142546,,,,3115,-
TRACE_LOG_TASK_INCREMENT_TICK,3115,3143546,,,,3116,-
TRACE_LOG_TASK_INCREMENT_TICK,3116,3144546,,,,3117,-
TRACE_LOG_TASK_INCREMENT_TICK,3117,3145546,,,,3118,-
TRACE_LOG_QUEUE_SEND,3118,3145671,3ffbd2a0,3ffbd6cc,,,trace_lg
TRACE_LOG_QUEUE_SEND,3118,3145678,3ffbd2a0,3ffb68d4,,,trace_lg
TRACE_LOG_TASK_INCREMENT_TICK,3118,3146546,,,,3119,-
TRACE_LOG_TASK_INCREMENT_TICK,3119,3147546,,,,3120,-
TRACE_LOG_TASK_INCREMENT_TICK,3120,3148546,,,,3121,-
TRACE_LOG_TASK_INCREMENT_TICK,3121,3149546,,,,3122,-
TRACE_LOG_QUEUE_SEND,3122,3150184,3ffbd2a0,3ffbd6cc,,,trace_lg
TRACE_LOG_QUEUE_SEND,3122,3150192,3ffbd2a0,3ffb68d4,,,trace_lg
TRACE_LOG_TASK_INCREMENT_TICK,3122,3150546,,,,3123,-
TRACE_LOG_TASK_INCREMENT_TICK,3123,3151546,,,,3124,-
TRACE_LOG_TASK_INCREMENT_TICK,3124,3152546,,,,3125,-
TRACE_LOG_QUEUE_SEND,3125,3152875,3ffbd2a0,3ffbd6cc,,,trace_lg
TRACE_LOG_QUEUE_SEND,3125,3152883,3ffbd2a0,3ffb68d4,,,trace_lg
TRACE_LOG_TASK_INCREMENT_TICK,3125,3153546,,,,3126,-
TRACE_LOG_TASK_INCREMENT_TICK,3126,3154546,,,,3127,-
TRACE_LOG_TASK_INCREMENT_TICK,3127,3155546,,,,3128,-
TRACE_LOG_QUEUE_SEND,3128,3155566,3ffbd2a0,3ffbd6cc,,,trace_lg
TRACE_LOG_QUEUE_SEND,3419,3447230,3ffbd2a0,3ffbd6cc,,,trace_lg
TRACE_LOG_QUEUE_SEND,3419,3447237,3ffbd2a0,3ffb68d4,,,trace_lg
TRACE_LOG_TASK_INCREMENT_TICK,3419,3447546,,,,3420,-
TRACE_LOG_TASK_INCREMENT_TICK,3420,3448546,,,,3421,-
TRACE_LOG_TASK_INCREMENT_TICK,3421,3449546,,,,3422,-
TRACE_LOG_TASK_INCREMENT_TICK,3422,3450546,,,,3423,-
TRACE_LOG_TASK_INCREMENT_TICK,3423,3451546,,,,3424,-
TRACE_LOG_QUEUE_SEND,3424,3451744,3ffbd2a0,3ffbd6cc,,,trace_lg
TRACE_LOG_QUEUE_SEND,3424,3451751,3ffbd2a0,3ffb68d4,,,trace_lg
TRACE_LOG_TASK_INCREMENT_TICK,3424,3452546,,,,3425,-
TRACE_LOG_TASK_INCREMENT_TICK,3425,3453546,,,,3426,-
TRACE_LOG_TASK_INCREMENT_TICK,3426,3454546,,,,3427,-
TRACE_LOG_TASK_INCREMENT_TICK,3427,3455546,,,,3428,-
TRACE_LOG_QUEUE_SEND,3428,3456258,3ffbd2a0,3ffbd6cc,,,trace_lg
TRACE_LOG_QUEUE_SEND,3428,3456265,3ffbd2a0,3ffb68d4,,,trace_lg
TRACE_LOG_TASK_INCREMENT_TICK,3428,3456546,,,,3429,-
TRACE_LOG_TASK_INCREMENT_TICK,3429,3457546,,,,3430,-
TRACE_LOG_TASK_INCREMENT_TICK,3430,3458546,,,,3431,-
TRACE_LOG_QUEUE_SEND,3431,3458949,3ffbd2a0,3ffbd6cc,,,trace_lg
TRACE_LOG_QUEUE_SEND,3431,3458956,3ffbd2a0,3ffb68d4,,,trace_lg
TRACE_LOG_TASK_INCREMENT_TICK,3431,3459546,,,,3432,-
TRACE_LOG_TASK_INCREMENT_TICK,3432,3460546,,,,3433,-
TRACE_LOG_TASK_INCREMENT_TICK,3433,3461546,,,,3434,-
TRACE_LOG_QUEUE_SEND,3434,3461640,3ffbd2a0,3ffbd6cc,,,trace_lg
TRACE_LOG_QUEUE_SEND,3434,3461647,3ffbd2a0,3ffb68d4,,,trace_lg
TRACE_LOG_TASK_INCREMENT_TICK,3434,3462546,,,,3435,-
TRACE_LOG_TASK_INCREMENT_TICK,3435,3463546,,,,3436,-
TRACE_LOG_QUEUE_SEND,3436,3464330,3ffbd2a0,3ffbd6cc,,,trace_lg
TRACE_LOG_QUEUE_SEND,3436,3464338,3ffbd2a0,3ffb68d4,,,trace_lg
TRACE_LOG_TASK_INCREMENT_TICK,3436,3464546,,,,3437,-
TRACE_LOG_TASK_INCREMENT_TICK,3437,3465546,,,,3438,-
TRACE_LOG_TASK_INCREMENT_TICK,3438,3466546,,,,3439,-
TRACE_LOG_QUEUE_SEND,3439,3467021,3ffbd2a0,3ffbd6cc,,,trace_lg
TRACE_LOG_QUEUE_SEND,3439,3467029,3ffbd2a0,3ffb68d4,,,trace_lg
TRACE_LOG_TASK_INCREMENT_TICK,3439,3467546,,,,3440,-
TRACE_LOG_TASK_INCREMENT_TICK,3440,3468546,,,,3441,-
TRACE_LOG_TASK_INCREMENT_TICK,3441,3469546,,,,3442,-
TRACE_LOG_QUEUE_SEND,3442,3469712,3ffbd2a0,3ffbd6cc,,,trace_lg
TRACE_LOG_QUEUE_SEND,3442,3469720,3ffbd2a0,3ffb68d4,,,trace_lg
TRACE_LOG_TASK_INCREMENT_TICK,3442,3470546,,,,3443,-
TRACE_LOG_TASK_INCREMENT_TICK,3443,3471546,,,,3444,-
TRACE_LOG_TASK_INCREMENT_TICK,3444,3472546,,,,3445,-
TRACE_LOG_TASK_INCREMENT_TICK,3445,3473546,,,,3446,-
TRACE_LOG_QUEUE_SEND,3446,3474226,3ffbd2a0,3ffbd6cc,,,trace_lg
TRACE_LOG_QUEUE_SEND,3446,3474234,3ffbd2a0,3ffb68d4,,,trace_lg
TRACE_LOG_TASK_INCREMENT_TICK,3446,3474546,,,,3447,-
TRACE_LOG_TASK_INCREMENT_TICK,3447,3475546,,,,3448,-
TRACE_LOG_TASK_INCREMENT_TICK,3448,3476546,,,,3449,-
TRACE_LOG_TASK_INCREMENT_TICK,3449,3477546,,,,3450,-
TRACE_LOG_TASK_INCREMENT_TICK,3450,3478546,,,,3451,-
TRACE_LOG_QUEUE_SEND,3451,3478740,3ffbd2a0,3ffbd6cc,,,trace_lg
TRACE_LOG_QUEUE_SEND,3451,3478747,3ffbd2a0,3ffb68d4,,,trace_lg
TRACE_LOG_TASK_INCREMENT_TICK,3451,3479546,,,,3452,-
TRACE_LOG_TASK_INCREMENT_TICK,3452,3480546,,,,3453,-
TRACE_LOG_QUEUE_SEND,3453,3481431,3ffbd2a0,3ffbd6cc,,,trace_lg
TRACE_LOG_QUEUE_SEND,3453,3481438,3ffbd2a0,3ffb68d4,,,trace_lg
TRACE_LOG_TASK_INCREMENT_TICK,3453,3481546,,,,3454,-
TRACE_LOG_TASK_INCREMENT_TICK,3454,3482546,,,,3455,-
TRACE_LOG_TASK_INCREMENT_TICK,3455,3483546,,,,3456,-
TRACE_LOG_QUEUE_SEND,3456,3484122,3ffbd2a0,3ffbd6cc,,,trace_lg
TRACE_LOG_QUEUE_SEND,3456,3484129,3ffbd2a0,3ffb68d4,,,trace_lg
TRACE_LOG_TASK_INCREMENT_TICK,3456,3484546,,,,3457,-
TRACE_LOG_TASK_INCREMENT_TICK,3457,3485546,,,,3458,-
TRACE_LOG_TASK_INCREMENT_TICK,3458,3486546,,,,3459,-
TRACE_LOG_QUEUE_SEND,3459,3486813,3ffbd2a0,3ffbd6cc,,,trace_lg
TRACE_LOG_QUEUE_SEND,3459,3486820,3ffbd2a0,3ffb68d4,,,trace_lg
TRACE_LOG_TASK_INCREMENT_TICK,3459,3487546,,,,3460,-
TRACE_LOG_TASK_INCREMENT_TICK,3460,3488546,,,,3461,-
TRACE_LOG_QUEUE_SEND,3461,3489504,3ffbd2a0,3ffbd6cc,,,trace_lg
TRACE_LOG_QUEUE_SEND,3461,3489511,3ffbd2a0,3ffb68d4,,,trace_lg
TRACE_LOG_TASK_INCREMENT_TICK,3461,3489546,,,,3462,-
TRACE_LOG_TASK_INCREMENT_TICK,3462,3490546,,,,3463,-
TRACE_LOG_TASK_INCREMENT_TICK,3463,3491546,,,,3464,-
TRACE_LOG_TASK_INCREMENT_TICK,3464,3492546,,,,3465,-
TRACE_LOG_TASK_INCREMENT_TICK,3465,3493546,,,,3466,-
TRACE_LOG_QUEUE_SEND,3466,3494018,3ffbd2a0,3ffbd6cc,,,trace_lg
TRACE_LOG_QUEUE_SEND,3466,3494025,3ffbd2a0,3ffb68d4,,,trace_lg
TRACE_LOG_TASK_INCREMENT_TICK,3466,3494546,,,,3467,-
TRACE_LOG_TASK_INCREMENT_TICK,3467,3495546,,,,3468,-
TRACE_LOG_TASK_INCREMENT_TICK,3468,3496546,,,,3469,-
TRACE_LOG_TASK_INCREMENT_TICK,3469,3497546,,,,3470,-
TRACE_LOG_QUEUE_SEND,3470,3498532,3ffbd2a0,3ffbd6cc,,,trace_lg
TRACE_LOG_QUEUE_SEND,3470,3498539,3ffbd2a0,3ffb68d4,,,trace_lg
TRACE_LOG_TASK_INCREMENT_TICK,3470,3498546,,,,3471,-
TRACE_LOG_TASK_INCREMENT_TICK,3471,3499546,,,,3472,-
TRACE_LOG_TASK_INCREMENT_TICK,3472,3500546,,,,3473,-
TRACE_LOG_QUEUE_SEND,3473,3501222,3ffbd2a0,3ffbd6cc,,,trace_lg
TRACE_LOG_QUEUE_SEND,3473,3501230,3ffbd2a0,3ffb68d4,,,trace_lg
TRACE_LOG_TASK_INCREMENT_TICK,3473,3501546,,,,3474,-
TRACE_LOG_TASK_INCREMENT_TICK,3474,3502546,,,,3475,-
TRACE_LOG_TASK_INCREMENT_TICK,3475,3503546,,,,3476,-
TRACE_LOG_QUEUE_SEND,3476,3503913,3ffbd2a0,3ffbd6cc,,,trace_lg
TRACE_LOG_QUEUE_SEND,3476,3503921,3ffbd2a0,3ffb68d4,,,trace_lg
TRACE_LOG_TASK_INCREMENT_TICK,3476,3504546,,,,3477,-
TRACE_LOG_TASK_INCREMENT_TICK,3477,3505546,,,,3478,-
TRACE_LOG_TASK_INCREMENT_TICK,3478,3506546,,,,3479,-
TRACE_LOG_QUEUE_SEND,3479,3506605,3ffbd2a0,3ffbd6cc,,,trace_lg
TRACE_LOG_QUEUE_SEND,3479,3506612,3ffbd2a0,3ffb68d4,,,trace_lg
TRACE_LOG_TASK_INCREMENT_TICK,3479,3507546,,,,3480,-
TRACE_LOG_TASK_INCREMENT_TICK,3480,3508546,,,,3481,-
TRACE_LOG_TASK_INCREMENT_TICK,3481,3509546,,,,3482,-
TRACE_LOG_TASK_INCREMENT_TICK,3482,3510546,,,,3483,-
TRACE_LOG_QUEUE_SEND,3483,3511118,3ffbd2a0,3ffbd6cc,,,trace_lg
TRACE_LOG_QUEUE_SEND,4017,4044582,3ffbd2a0,3ffbd6cc,,,trace_lg
TRACE_LOG_QUEUE_SEND,4017,4044634,3ffbd2a0,3ffbd6cc,,,trace_lg
TRACE_LOG_QUEUE_SEND,4017,4044642,3ffbd2a0,3ffb68d4,,,trace_lg
TRACE_LOG_QUEUE_SEND,4017,4044732,3ffbd2a0,3ffbd6cc,,,trace_lg
TRACE_LOG_QUEUE_SEND,4017,4044740,3ffbd2a0,3ffb68d4,,,trace_lg
TRACE_LOG_TASK_INCREMENT_TICK,4017,4045546,,,,4018,-
TRACE_LOG_TASK_INCREMENT_TICK,4018,4046546,,,,4019,-
TRACE_LOG_QUEUE_SEND,4019,4046796,3ffbd2a0,3ffbd6cc,,,trace_lg
TRACE_LOG_QUEUE_SEND,4019,4046803,3ffbd2a0,3ffb68d4,,,trace_lg
TRACE_LOG_TASK_INCREMENT_TICK,4019,4047546,,,,4020,-
TRACE_LOG_TASK_INCREMENT_TICK,4020,4048546,,,,4021,-
TRACE_LOG_TASK_INCREMENT_TICK,4021,4049546,,,,4022,-
TRACE_LOG_TASK_INCREMENT_TICK,4022,4050546,,,,4023,-
TRACE_LOG_QUEUE_SEND,4023,4051310,3ffbd2a0,3ffbd6cc,,,trace_lg
TRACE_LOG_QUEUE_SEND,4023,4051317,3ffbd2a0,3ffb68d4,,,trace_lg
TRACE_LOG_TASK_INCREMENT_TICK,4023,4051546,,,,4024,-
TRACE_LOG_TASK_INCREMENT_TICK,4024,4052546,,,,4025,-
TRACE_LOG_TASK_INCREMENT_TICK,4025,4053546,,,,4026,-
TRACE_LOG_TASK_INCREMENT_TICK,4026,4054546,,,,4027,-
TRACE_LOG_TASK_INCREMENT_TICK,4027,4055546,,,,4028,-
TRACE_LOG_QUEUE_SEND,4028,4055823,3ffbd2a0,3ffbd6cc,,,trace_lg
TRACE_LOG_QUEUE_SEND,4028,4055831,3ffbd2a0,3ffb68d4,,,trace_lg
TRACE_LOG_TASK_INCREMENT_TICK,4028,4056546,,,,4029,-
TRACE_LOG_TASK_INCREMENT_TICK,4029,4057546,,,,4030,-
TRACE_LOG_TASK_INCREMENT_TICK,4030,4058546,,,,4031,-
TRACE_LOG_TASK_INCREMENT_TICK,4031,4059546,,,,4032,-
TRACE_LOG_QUEUE_SEND,4032,4060337,3ffbd2a0,3ffbd6cc,,,trace_lg
TRACE_LOG_QUEUE_SEND,4032,4060345,3ffbd2a0,3ffb68d4,,,trace_lg
TRACE_LOG_TASK_INCREMENT_TICK,4032,4060546,,,,4033,-
TRACE_LOG_TASK_INCREMENT_TICK,4033,4061546,,,,4034,-
TRACE_LOG_TASK_INCREMENT_TICK,4034,4062546,,,,4035,-
TRACE_LOG_QUEUE_SEND,4035,4063028,3ffbd2a0,3ffbd6cc,,,trace_lg
TRACE_LOG_QUEUE_SEND,4035,4063036,3ffbd2a0,3ffb68d4,,,trace_lg
TRACE_LOG_TASK_INCREMENT_TICK,4035,4063546,,,,4036,-
TRACE_LOG_TASK_INCREMENT_TICK,4036,4064546,,,,4037,-
TRACE_LOG_TASK_INCREMENT_TICK,4037,4065546,,,,4038,-
TRACE_LOG_QUEUE_SEND,4038,4065719,3ffbd2a0,3ffbd6cc,,,trace_lg
TRACE_LOG_QUEUE_SEND,4038,4065727,3ffbd2a0,3ffb68d4,,,trace_lg
TRACE_LOG_TASK_INCREMENT_TICK,4038,4066546,,,,4039,-
TRACE_LOG_TASK_INCREMENT_TICK,4039,4067546,,,,4040,-
TRACE_LOG_TASK_INCREMENT_TICK,4040,4068546,,,,4041,-
TRACE_LOG_TASK_INCREMENT_TICK,4041,4069546,,,,4042,-
